"","Group","C1","C2","C3","Rep","Cluster","Time","Load"
"1",1,4,94,87,1,1,0.0105263157894737,4091.42786992348
"2",1,4,94,87,1,1,0.0315789473684211,4292.85018830358
"3",1,4,94,87,1,1,0.0526315789473684,3855.50972821022
"4",1,4,94,87,1,1,0.0736842105263158,3895.64163904325
"5",1,4,94,87,1,1,0.0947368421052632,3565.24038357534
"6",1,4,94,87,1,1,0.115789473684211,3620.1948905576
"7",1,4,94,87,1,1,0.136842105263158,3415.66115876201
"8",1,4,94,87,1,1,0.157894736842105,3779.77004032773
"9",1,4,94,87,1,1,0.178947368421053,3828.31352015723
"10",1,4,94,87,1,1,0.2,3988.94224766503
"11",1,4,94,87,1,1,0.221052631578947,3742.73629551317
"12",1,4,94,87,1,1,0.242105263157895,3810.73404371871
"13",1,4,94,87,1,1,0.263157894736842,4246.89177724198
"14",1,4,94,87,1,1,0.284210526315789,4267.67184130193
"15",1,4,94,87,1,1,0.305263157894737,4115.73563102101
"16",1,4,94,87,1,1,0.326315789473684,4287.48715136326
"17",1,4,94,87,1,1,0.347368421052632,4658.73015015203
"18",1,4,94,87,1,1,0.368421052631579,4720.32767264929
"19",1,4,94,87,1,1,0.389473684210526,4673.31591556715
"20",1,4,94,87,1,1,0.410526315789474,5432.51415738065
"21",1,4,94,87,1,1,0.431578947368421,5090.48487574132
"22",1,4,94,87,1,1,0.452631578947368,5245.01106559558
"23",1,4,94,87,1,1,0.473684210526316,5561.16080692946
"24",1,4,94,87,1,1,0.494736842105263,6044.87384229318
"25",1,4,94,87,1,1,0.51578947368421,5634.60778598715
"26",1,4,94,87,1,1,0.536842105263158,5093.37548694393
"27",1,4,94,87,1,1,0.557894736842105,5063.41354908689
"28",1,4,94,87,1,1,0.578947368421053,5032.25474567949
"29",1,4,94,87,1,1,0.6,5309.39562991188
"30",1,4,94,87,1,1,0.621052631578947,5130.70092990803
"31",1,4,94,87,1,1,0.642105263157895,5357.68133874455
"32",1,4,94,87,1,1,0.663157894736842,5351.8149667747
"33",1,4,94,87,1,1,0.684210526315789,5629.42618123885
"34",1,4,94,87,1,1,0.705263157894737,5626.67760582944
"35",1,4,94,87,1,1,0.726315789473684,6005.25680241104
"36",1,4,94,87,1,1,0.747368421052632,6123.56881889382
"37",1,4,94,87,1,1,0.768421052631579,6929.35472735568
"38",1,4,94,87,1,1,0.789473684210526,7105.50660029322
"39",1,4,94,87,1,1,0.810526315789474,7294.73536189067
"40",1,4,94,87,1,1,0.831578947368421,7166.84274449948
"41",1,4,94,87,1,1,0.852631578947368,7144.16704825503
"42",1,4,94,87,1,1,0.873684210526316,6816.14923874001
"43",1,4,94,87,1,1,0.894736842105263,6845.46598393468
"44",1,4,94,87,1,1,0.91578947368421,6565.09394842667
"45",1,4,94,87,1,1,0.936842105263158,6064.48305316485
"46",1,4,94,87,1,1,0.957894736842105,5783.63275409906
"47",1,4,94,87,1,1,0.978947368421053,5191.81073890163
"48",1,4,94,87,1,1,1,4839.91662117443
"49",1,4,94,87,2,1,0.0105263157894737,4284.37013314374
"50",1,4,94,87,2,1,0.0315789473684211,3865.45238268431
"51",1,4,94,87,2,1,0.0526315789473684,3933.11589909999
"52",1,4,94,87,2,1,0.0736842105263158,3777.02888682939
"53",1,4,94,87,2,1,0.0947368421052632,3840.53065530611
"54",1,4,94,87,2,1,0.115789473684211,3594.85482257637
"55",1,4,94,87,2,1,0.136842105263158,3799.95972329112
"56",1,4,94,87,2,1,0.157894736842105,3851.84669247664
"57",1,4,94,87,2,1,0.178947368421053,3813.07818811137
"58",1,4,94,87,2,1,0.2,3782.39724761905
"59",1,4,94,87,2,1,0.221052631578947,3683.47002626923
"60",1,4,94,87,2,1,0.242105263157895,4281.5273198782
"61",1,4,94,87,2,1,0.263157894736842,4315.61470674768
"62",1,4,94,87,2,1,0.284210526315789,4489.07242151218
"63",1,4,94,87,2,1,0.305263157894737,4855.53135165767
"64",1,4,94,87,2,1,0.326315789473684,4911.45581831602
"65",1,4,94,87,2,1,0.347368421052632,4906.20113653851
"66",1,4,94,87,2,1,0.368421052631579,5377.06724687896
"67",1,4,94,87,2,1,0.389473684210526,5688.17608553369
"68",1,4,94,87,2,1,0.410526315789474,5672.8408106185
"69",1,4,94,87,2,1,0.431578947368421,6048.93089556455
"70",1,4,94,87,2,1,0.452631578947368,6054.60435279818
"71",1,4,94,87,2,1,0.473684210526316,6042.33355435532
"72",1,4,94,87,2,1,0.494736842105263,6051.02869251519
"73",1,4,94,87,2,1,0.51578947368421,5711.8334427938
"74",1,4,94,87,2,1,0.536842105263158,5247.20724594366
"75",1,4,94,87,2,1,0.557894736842105,5155.17781564189
"76",1,4,94,87,2,1,0.578947368421053,5017.062345715
"77",1,4,94,87,2,1,0.6,4709.08509633304
"78",1,4,94,87,2,1,0.621052631578947,4760.6665355431
"79",1,4,94,87,2,1,0.642105263157895,5137.01035090464
"80",1,4,94,87,2,1,0.663157894736842,5209.33471573562
"81",1,4,94,87,2,1,0.684210526315789,5095.6546124344
"82",1,4,94,87,2,1,0.705263157894737,5586.17095195828
"83",1,4,94,87,2,1,0.726315789473684,5950.45871501896
"84",1,4,94,87,2,1,0.747368421052632,5972.63857705401
"85",1,4,94,87,2,1,0.768421052631579,6242.13625409905
"86",1,4,94,87,2,1,0.789473684210526,6050.05039794067
"87",1,4,94,87,2,1,0.810526315789474,6820.59456436406
"88",1,4,94,87,2,1,0.831578947368421,6788.51126963156
"89",1,4,94,87,2,1,0.852631578947368,7278.93701800292
"90",1,4,94,87,2,1,0.873684210526316,7005.26617447387
"91",1,4,94,87,2,1,0.894736842105263,6979.79791035438
"92",1,4,94,87,2,1,0.91578947368421,6745.59630947531
"93",1,4,94,87,2,1,0.936842105263158,6255.53876686111
"94",1,4,94,87,2,1,0.957894736842105,5562.69763222712
"95",1,4,94,87,2,1,0.978947368421053,5213.34181800019
"96",1,4,94,87,2,1,1,4794.31419859078
"97",1,4,94,87,3,1,0.0105263157894737,3963.39599306046
"98",1,4,94,87,3,1,0.0315789473684211,3869.79517300583
"99",1,4,94,87,3,1,0.0526315789473684,3658.36096596132
"100",1,4,94,87,3,1,0.0736842105263158,3884.84872743678
"101",1,4,94,87,3,1,0.0947368421052632,3804.27525526235
"102",1,4,94,87,3,1,0.115789473684211,4017.87821460166
"103",1,4,94,87,3,1,0.136842105263158,3875.1081831246
"104",1,4,94,87,3,1,0.157894736842105,4200.89434902623
"105",1,4,94,87,3,1,0.178947368421053,4286.79264410901
"106",1,4,94,87,3,1,0.2,4454.70608854881
"107",1,4,94,87,3,1,0.221052631578947,4676.53202690244
"108",1,4,94,87,3,1,0.242105263157895,4457.25600396665
"109",1,4,94,87,3,1,0.263157894736842,4262.23346994147
"110",1,4,94,87,3,1,0.284210526315789,4373.53366449041
"111",1,4,94,87,3,1,0.305263157894737,4067.07216496317
"112",1,4,94,87,3,1,0.326315789473684,4118.99730142763
"113",1,4,94,87,3,1,0.347368421052632,4080.70280926197
"114",1,4,94,87,3,1,0.368421052631579,4557.95254203946
"115",1,4,94,87,3,1,0.389473684210526,4738.13704795501
"116",1,4,94,87,3,1,0.410526315789474,5144.3426499062
"117",1,4,94,87,3,1,0.431578947368421,5485.11392844345
"118",1,4,94,87,3,1,0.452631578947368,5849.65355471836
"119",1,4,94,87,3,1,0.473684210526316,5719.72695410208
"120",1,4,94,87,3,1,0.494736842105263,5361.88857446515
"121",1,4,94,87,3,1,0.51578947368421,5265.48421035793
"122",1,4,94,87,3,1,0.536842105263158,5224.24541932181
"123",1,4,94,87,3,1,0.557894736842105,6001.59255425178
"124",1,4,94,87,3,1,0.578947368421053,5780.1338344986
"125",1,4,94,87,3,1,0.6,5511.59468305888
"126",1,4,94,87,3,1,0.621052631578947,5781.51629089796
"127",1,4,94,87,3,1,0.642105263157895,5802.3689371374
"128",1,4,94,87,3,1,0.663157894736842,5754.45066164663
"129",1,4,94,87,3,1,0.684210526315789,5998.31464852797
"130",1,4,94,87,3,1,0.705263157894737,6519.32988034109
"131",1,4,94,87,3,1,0.726315789473684,6633.18846918582
"132",1,4,94,87,3,1,0.747368421052632,6841.21784238776
"133",1,4,94,87,3,1,0.768421052631579,7230.64532875768
"134",1,4,94,87,3,1,0.789473684210526,7289.94911439302
"135",1,4,94,87,3,1,0.810526315789474,7297.12820191898
"136",1,4,94,87,3,1,0.831578947368421,7379.71544590075
"137",1,4,94,87,3,1,0.852631578947368,7495.74479958735
"138",1,4,94,87,3,1,0.873684210526316,7330.12683794574
"139",1,4,94,87,3,1,0.894736842105263,7296.2200505743
"140",1,4,94,87,3,1,0.91578947368421,7027.39578627832
"141",1,4,94,87,3,1,0.936842105263158,6225.87961528321
"142",1,4,94,87,3,1,0.957894736842105,5468.16568244909
"143",1,4,94,87,3,1,0.978947368421053,5562.50311660978
"144",1,4,94,87,3,1,1,4761.00286783074
"145",1,4,94,87,4,1,0.0105263157894737,4181.84429691739
"146",1,4,94,87,4,1,0.0315789473684211,4171.04826148989
"147",1,4,94,87,4,1,0.0526315789473684,4250.21976347486
"148",1,4,94,87,4,1,0.0736842105263158,4028.53189920957
"149",1,4,94,87,4,1,0.0947368421052632,3775.7720530177
"150",1,4,94,87,4,1,0.115789473684211,3698.52246512632
"151",1,4,94,87,4,1,0.136842105263158,3759.88600605296
"152",1,4,94,87,4,1,0.157894736842105,3884.95760202356
"153",1,4,94,87,4,1,0.178947368421053,4116.57054016773
"154",1,4,94,87,4,1,0.2,4258.6593361173
"155",1,4,94,87,4,1,0.221052631578947,4599.20025235635
"156",1,4,94,87,4,1,0.242105263157895,4660.07232500899
"157",1,4,94,87,4,1,0.263157894736842,4602.17457742955
"158",1,4,94,87,4,1,0.284210526315789,4853.28203991231
"159",1,4,94,87,4,1,0.305263157894737,4707.77001755381
"160",1,4,94,87,4,1,0.326315789473684,4879.16715631752
"161",1,4,94,87,4,1,0.347368421052632,4968.09448804949
"162",1,4,94,87,4,1,0.368421052631579,5120.58054487702
"163",1,4,94,87,4,1,0.389473684210526,5502.32170873319
"164",1,4,94,87,4,1,0.410526315789474,5861.50416090816
"165",1,4,94,87,4,1,0.431578947368421,6025.11519922197
"166",1,4,94,87,4,1,0.452631578947368,5670.77369410805
"167",1,4,94,87,4,1,0.473684210526316,5489.89667006031
"168",1,4,94,87,4,1,0.494736842105263,6190.83652621904
"169",1,4,94,87,4,1,0.51578947368421,6068.79221811376
"170",1,4,94,87,4,1,0.536842105263158,5877.18836932117
"171",1,4,94,87,4,1,0.557894736842105,6004.57187177087
"172",1,4,94,87,4,1,0.578947368421053,5441.19459952296
"173",1,4,94,87,4,1,0.6,5303.87333622361
"174",1,4,94,87,4,1,0.621052631578947,5186.9903061201
"175",1,4,94,87,4,1,0.642105263157895,4638.02235285456
"176",1,4,94,87,4,1,0.663157894736842,5490.51399973922
"177",1,4,94,87,4,1,0.684210526315789,5883.0213963422
"178",1,4,94,87,4,1,0.705263157894737,6416.51110872812
"179",1,4,94,87,4,1,0.726315789473684,6505.49081677307
"180",1,4,94,87,4,1,0.747368421052632,6527.62311466632
"181",1,4,94,87,4,1,0.768421052631579,7031.00021480704
"182",1,4,94,87,4,1,0.789473684210526,7312.25998408031
"183",1,4,94,87,4,1,0.810526315789474,7283.36511006584
"184",1,4,94,87,4,1,0.831578947368421,6671.65432815881
"185",1,4,94,87,4,1,0.852631578947368,6702.95470561034
"186",1,4,94,87,4,1,0.873684210526316,6653.25082703685
"187",1,4,94,87,4,1,0.894736842105263,6370.02215013304
"188",1,4,94,87,4,1,0.91578947368421,6535.74579129847
"189",1,4,94,87,4,1,0.936842105263158,6372.55324338641
"190",1,4,94,87,4,1,0.957894736842105,6218.2687004457
"191",1,4,94,87,4,1,0.978947368421053,5694.03605669066
"192",1,4,94,87,4,1,1,5132.54953322301
"193",2,94,3,64,1,1,0.0105263157894737,3570.71090506906
"194",2,94,3,64,1,1,0.0315789473684211,3162.7957519195
"195",2,94,3,64,1,1,0.0526315789473684,2978.47492543002
"196",2,94,3,64,1,1,0.0736842105263158,3017.23008099496
"197",2,94,3,64,1,1,0.0947368421052632,2938.97011270879
"198",2,94,3,64,1,1,0.115789473684211,2983.91391823056
"199",2,94,3,64,1,1,0.136842105263158,3176.30439878065
"200",2,94,3,64,1,1,0.157894736842105,3259.73479571222
"201",2,94,3,64,1,1,0.178947368421053,3196.18206632628
"202",2,94,3,64,1,1,0.2,3048.87806784535
"203",2,94,3,64,1,1,0.221052631578947,3054.53049155122
"204",2,94,3,64,1,1,0.242105263157895,3083.46958844492
"205",2,94,3,64,1,1,0.263157894736842,2939.11417334675
"206",2,94,3,64,1,1,0.284210526315789,3050.23531342254
"207",2,94,3,64,1,1,0.305263157894737,3368.46840403134
"208",2,94,3,64,1,1,0.326315789473684,3275.33611195607
"209",2,94,3,64,1,1,0.347368421052632,3334.27729161469
"210",2,94,3,64,1,1,0.368421052631579,3374.91591620156
"211",2,94,3,64,1,1,0.389473684210526,3685.8744563427
"212",2,94,3,64,1,1,0.410526315789474,3994.78209012697
"213",2,94,3,64,1,1,0.431578947368421,4236.73080912103
"214",2,94,3,64,1,1,0.452631578947368,4491.60753101547
"215",2,94,3,64,1,1,0.473684210526316,4560.42074992416
"216",2,94,3,64,1,1,0.494736842105263,4527.6093739334
"217",2,94,3,64,1,1,0.51578947368421,4630.76204573523
"218",2,94,3,64,1,1,0.536842105263158,4602.71786566928
"219",2,94,3,64,1,1,0.557894736842105,4384.23497432551
"220",2,94,3,64,1,1,0.578947368421053,4458.33196863435
"221",2,94,3,64,1,1,0.6,4228.90529134267
"222",2,94,3,64,1,1,0.621052631578947,4226.93271803382
"223",2,94,3,64,1,1,0.642105263157895,4441.6887836285
"224",2,94,3,64,1,1,0.663157894736842,4463.93156998725
"225",2,94,3,64,1,1,0.684210526315789,4502.18345150546
"226",2,94,3,64,1,1,0.705263157894737,5027.09030659929
"227",2,94,3,64,1,1,0.726315789473684,5089.93050781157
"228",2,94,3,64,1,1,0.747368421052632,5037.5246491597
"229",2,94,3,64,1,1,0.768421052631579,5378.20230708508
"230",2,94,3,64,1,1,0.789473684210526,5391.94627353231
"231",2,94,3,64,1,1,0.810526315789474,5517.11254023376
"232",2,94,3,64,1,1,0.831578947368421,5342.17630117595
"233",2,94,3,64,1,1,0.852631578947368,5237.18359411625
"234",2,94,3,64,1,1,0.873684210526316,5118.02389234048
"235",2,94,3,64,1,1,0.894736842105263,5062.2008649501
"236",2,94,3,64,1,1,0.91578947368421,4964.96350069174
"237",2,94,3,64,1,1,0.936842105263158,4752.77477840345
"238",2,94,3,64,1,1,0.957894736842105,4292.14450872734
"239",2,94,3,64,1,1,0.978947368421053,3998.8796033987
"240",2,94,3,64,1,1,1,3960.56865754874
"241",2,94,3,64,2,1,0.0105263157894737,4037.76712281473
"242",2,94,3,64,2,1,0.0315789473684211,3715.02798214215
"243",2,94,3,64,2,1,0.0526315789473684,3255.8042531027
"244",2,94,3,64,2,1,0.0736842105263158,3393.57493057266
"245",2,94,3,64,2,1,0.0947368421052632,3183.44936335693
"246",2,94,3,64,2,1,0.115789473684211,3213.42323220554
"247",2,94,3,64,2,1,0.136842105263158,3002.8527702284
"248",2,94,3,64,2,1,0.157894736842105,2901.69114642903
"249",2,94,3,64,2,1,0.178947368421053,2851.23093504525
"250",2,94,3,64,2,1,0.2,2924.54762007314
"251",2,94,3,64,2,1,0.221052631578947,3231.22206331693
"252",2,94,3,64,2,1,0.242105263157895,3525.57707359466
"253",2,94,3,64,2,1,0.263157894736842,3524.19109833935
"254",2,94,3,64,2,1,0.284210526315789,3493.60296795716
"255",2,94,3,64,2,1,0.305263157894737,3295.6837208032
"256",2,94,3,64,2,1,0.326315789473684,3435.61029683928
"257",2,94,3,64,2,1,0.347368421052632,3608.79794798708
"258",2,94,3,64,2,1,0.368421052631579,3828.71307259472
"259",2,94,3,64,2,1,0.389473684210526,3682.70911024213
"260",2,94,3,64,2,1,0.410526315789474,3679.57441599691
"261",2,94,3,64,2,1,0.431578947368421,3870.13120184305
"262",2,94,3,64,2,1,0.452631578947368,4209.8104787818
"263",2,94,3,64,2,1,0.473684210526316,4561.28961732408
"264",2,94,3,64,2,1,0.494736842105263,4527.42774684577
"265",2,94,3,64,2,1,0.51578947368421,4706.5778447496
"266",2,94,3,64,2,1,0.536842105263158,4815.46018409318
"267",2,94,3,64,2,1,0.557894736842105,4775.70328960886
"268",2,94,3,64,2,1,0.578947368421053,4624.64000698675
"269",2,94,3,64,2,1,0.6,4855.85211109047
"270",2,94,3,64,2,1,0.621052631578947,4733.70932094322
"271",2,94,3,64,2,1,0.642105263157895,4934.78041711149
"272",2,94,3,64,2,1,0.663157894736842,4853.50886469995
"273",2,94,3,64,2,1,0.684210526315789,5071.66635796177
"274",2,94,3,64,2,1,0.705263157894737,5382.94982627262
"275",2,94,3,64,2,1,0.726315789473684,5727.49381177675
"276",2,94,3,64,2,1,0.747368421052632,5747.88260298193
"277",2,94,3,64,2,1,0.768421052631579,5631.24683518253
"278",2,94,3,64,2,1,0.789473684210526,5447.88745205714
"279",2,94,3,64,2,1,0.810526315789474,5408.4987282687
"280",2,94,3,64,2,1,0.831578947368421,5581.51174277936
"281",2,94,3,64,2,1,0.852631578947368,5562.14067223252
"282",2,94,3,64,2,1,0.873684210526316,5107.53104856141
"283",2,94,3,64,2,1,0.894736842105263,4928.21087718079
"284",2,94,3,64,2,1,0.91578947368421,4549.64943157156
"285",2,94,3,64,2,1,0.936842105263158,4813.15350611049
"286",2,94,3,64,2,1,0.957894736842105,4355.348600943
"287",2,94,3,64,2,1,0.978947368421053,4135.32041623582
"288",2,94,3,64,2,1,1,4047.42631086598
"289",2,94,3,64,3,1,0.0105263157894737,3860.99280732345
"290",2,94,3,64,3,1,0.0315789473684211,3490.97912245247
"291",2,94,3,64,3,1,0.0526315789473684,3137.67667900731
"292",2,94,3,64,3,1,0.0736842105263158,3082.54628511169
"293",2,94,3,64,3,1,0.0947368421052632,3106.43635243646
"294",2,94,3,64,3,1,0.115789473684211,3195.88755165765
"295",2,94,3,64,3,1,0.136842105263158,3106.5503219171
"296",2,94,3,64,3,1,0.157894736842105,2993.16570502806
"297",2,94,3,64,3,1,0.178947368421053,3028.53004288652
"298",2,94,3,64,3,1,0.2,3400.64796095326
"299",2,94,3,64,3,1,0.221052631578947,3341.88724822185
"300",2,94,3,64,3,1,0.242105263157895,3340.13643451902
"301",2,94,3,64,3,1,0.263157894736842,3400.03657691721
"302",2,94,3,64,3,1,0.284210526315789,3542.64834115769
"303",2,94,3,64,3,1,0.305263157894737,3616.81587490179
"304",2,94,3,64,3,1,0.326315789473684,3569.57044489581
"305",2,94,3,64,3,1,0.347368421052632,3768.68614851896
"306",2,94,3,64,3,1,0.368421052631579,3962.53446122011
"307",2,94,3,64,3,1,0.389473684210526,4125.54459023965
"308",2,94,3,64,3,1,0.410526315789474,4258.82132739287
"309",2,94,3,64,3,1,0.431578947368421,4373.37025588793
"310",2,94,3,64,3,1,0.452631578947368,4411.97256978794
"311",2,94,3,64,3,1,0.473684210526316,4477.14871784896
"312",2,94,3,64,3,1,0.494736842105263,4566.07934381524
"313",2,94,3,64,3,1,0.51578947368421,4724.76767906067
"314",2,94,3,64,3,1,0.536842105263158,4847.71872186635
"315",2,94,3,64,3,1,0.557894736842105,5036.43001590885
"316",2,94,3,64,3,1,0.578947368421053,5127.20669697225
"317",2,94,3,64,3,1,0.6,5228.95325185149
"318",2,94,3,64,3,1,0.621052631578947,5148.16694069892
"319",2,94,3,64,3,1,0.642105263157895,5068.51478057841
"320",2,94,3,64,3,1,0.663157894736842,5408.6909553945
"321",2,94,3,64,3,1,0.684210526315789,5513.7526586201
"322",2,94,3,64,3,1,0.705263157894737,5563.05580435506
"323",2,94,3,64,3,1,0.726315789473684,5674.08468869665
"324",2,94,3,64,3,1,0.747368421052632,5745.39436708442
"325",2,94,3,64,3,1,0.768421052631579,6105.50747342808
"326",2,94,3,64,3,1,0.789473684210526,6243.14952361378
"327",2,94,3,64,3,1,0.810526315789474,6231.5484180696
"328",2,94,3,64,3,1,0.831578947368421,6119.12521697685
"329",2,94,3,64,3,1,0.852631578947368,5743.69173110366
"330",2,94,3,64,3,1,0.873684210526316,5447.57078145383
"331",2,94,3,64,3,1,0.894736842105263,4993.41998275272
"332",2,94,3,64,3,1,0.91578947368421,4912.78377737398
"333",2,94,3,64,3,1,0.936842105263158,4541.28883773554
"334",2,94,3,64,3,1,0.957894736842105,4201.22243624013
"335",2,94,3,64,3,1,0.978947368421053,3962.7936940786
"336",2,94,3,64,3,1,1,3928.49131156485
"337",2,94,3,64,4,1,0.0105263157894737,3578.9634093522
"338",2,94,3,64,4,1,0.0315789473684211,3404.86615502584
"339",2,94,3,64,4,1,0.0526315789473684,3066.06684139349
"340",2,94,3,64,4,1,0.0736842105263158,3016.47127045971
"341",2,94,3,64,4,1,0.0947368421052632,2945.00527328231
"342",2,94,3,64,4,1,0.115789473684211,3070.59153674044
"343",2,94,3,64,4,1,0.136842105263158,2991.39258976841
"344",2,94,3,64,4,1,0.157894736842105,3142.69728215634
"345",2,94,3,64,4,1,0.178947368421053,2970.6629006919
"346",2,94,3,64,4,1,0.2,3166.97949155292
"347",2,94,3,64,4,1,0.221052631578947,3159.23985172878
"348",2,94,3,64,4,1,0.242105263157895,2966.80516843429
"349",2,94,3,64,4,1,0.263157894736842,3098.12008066628
"350",2,94,3,64,4,1,0.284210526315789,3269.48682832436
"351",2,94,3,64,4,1,0.305263157894737,3211.72627150736
"352",2,94,3,64,4,1,0.326315789473684,3353.19463441538
"353",2,94,3,64,4,1,0.347368421052632,3481.71130058849
"354",2,94,3,64,4,1,0.368421052631579,3872.44906466089
"355",2,94,3,64,4,1,0.389473684210526,3788.24784270464
"356",2,94,3,64,4,1,0.410526315789474,3780.4532634444
"357",2,94,3,64,4,1,0.431578947368421,4054.97886129166
"358",2,94,3,64,4,1,0.452631578947368,4363.80743604245
"359",2,94,3,64,4,1,0.473684210526316,4445.54314199965
"360",2,94,3,64,4,1,0.494736842105263,4468.48913238614
"361",2,94,3,64,4,1,0.51578947368421,4695.06464760311
"362",2,94,3,64,4,1,0.536842105263158,4660.40254402993
"363",2,94,3,64,4,1,0.557894736842105,4618.34989836116
"364",2,94,3,64,4,1,0.578947368421053,4766.72937215603
"365",2,94,3,64,4,1,0.6,4864.40149337915
"366",2,94,3,64,4,1,0.621052631578947,4951.11087329287
"367",2,94,3,64,4,1,0.642105263157895,4843.81876157169
"368",2,94,3,64,4,1,0.663157894736842,4838.37496023572
"369",2,94,3,64,4,1,0.684210526315789,5247.02936969207
"370",2,94,3,64,4,1,0.705263157894737,5425.52538024021
"371",2,94,3,64,4,1,0.726315789473684,5643.75620772191
"372",2,94,3,64,4,1,0.747368421052632,6002.20205845174
"373",2,94,3,64,4,1,0.768421052631579,6061.6298232729
"374",2,94,3,64,4,1,0.789473684210526,6072.47250681087
"375",2,94,3,64,4,1,0.810526315789474,5683.52984151793
"376",2,94,3,64,4,1,0.831578947368421,5686.13059960162
"377",2,94,3,64,4,1,0.852631578947368,5417.81372969295
"378",2,94,3,64,4,1,0.873684210526316,5159.0507331936
"379",2,94,3,64,4,1,0.894736842105263,4482.13064620262
"380",2,94,3,64,4,1,0.91578947368421,4464.14890053434
"381",2,94,3,64,4,1,0.936842105263158,4119.03966353956
"382",2,94,3,64,4,1,0.957894736842105,4214.33133790238
"383",2,94,3,64,4,1,0.978947368421053,3654.8175728436
"384",2,94,3,64,4,1,1,3911.36554760508
"385",3,47,63,93,1,1,0.0105263157894737,5244.76148259568
"386",3,47,63,93,1,1,0.0315789473684211,4755.27329845925
"387",3,47,63,93,1,1,0.0526315789473684,4597.60383505648
"388",3,47,63,93,1,1,0.0736842105263158,4463.74198782175
"389",3,47,63,93,1,1,0.0947368421052632,4099.37030420543
"390",3,47,63,93,1,1,0.115789473684211,4317.71871097735
"391",3,47,63,93,1,1,0.136842105263158,4155.81837094695
"392",3,47,63,93,1,1,0.157894736842105,4101.42417772805
"393",3,47,63,93,1,1,0.178947368421053,4050.72903549288
"394",3,47,63,93,1,1,0.2,4106.87754674019
"395",3,47,63,93,1,1,0.221052631578947,4096.66086805057
"396",3,47,63,93,1,1,0.242105263157895,3812.52131607257
"397",3,47,63,93,1,1,0.263157894736842,4188.52327811946
"398",3,47,63,93,1,1,0.284210526315789,4428.64263900603
"399",3,47,63,93,1,1,0.305263157894737,4480.97250094293
"400",3,47,63,93,1,1,0.326315789473684,4664.01778836247
"401",3,47,63,93,1,1,0.347368421052632,4935.71595204101
"402",3,47,63,93,1,1,0.368421052631579,5588.25285442027
"403",3,47,63,93,1,1,0.389473684210526,6024.77679937279
"404",3,47,63,93,1,1,0.410526315789474,5633.91707565121
"405",3,47,63,93,1,1,0.431578947368421,5670.3332468338
"406",3,47,63,93,1,1,0.452631578947368,5822.66778456342
"407",3,47,63,93,1,1,0.473684210526316,6267.61388122558
"408",3,47,63,93,1,1,0.494736842105263,5676.72077294625
"409",3,47,63,93,1,1,0.51578947368421,5894.3216074069
"410",3,47,63,93,1,1,0.536842105263158,5783.78544057682
"411",3,47,63,93,1,1,0.557894736842105,5975.67383177677
"412",3,47,63,93,1,1,0.578947368421053,6218.66239913107
"413",3,47,63,93,1,1,0.6,5585.78072122045
"414",3,47,63,93,1,1,0.621052631578947,5635.25023349891
"415",3,47,63,93,1,1,0.642105263157895,5702.46178957095
"416",3,47,63,93,1,1,0.663157894736842,5951.84820510772
"417",3,47,63,93,1,1,0.684210526315789,6168.61273904717
"418",3,47,63,93,1,1,0.705263157894737,6720.32716877953
"419",3,47,63,93,1,1,0.726315789473684,6652.84342199728
"420",3,47,63,93,1,1,0.747368421052632,6940.5282649288
"421",3,47,63,93,1,1,0.768421052631579,7067.03726179999
"422",3,47,63,93,1,1,0.789473684210526,7017.33715015343
"423",3,47,63,93,1,1,0.810526315789474,7164.38927382731
"424",3,47,63,93,1,1,0.831578947368421,7021.49476243314
"425",3,47,63,93,1,1,0.852631578947368,7341.74867976067
"426",3,47,63,93,1,1,0.873684210526316,7401.78148934892
"427",3,47,63,93,1,1,0.894736842105263,7562.51107686775
"428",3,47,63,93,1,1,0.91578947368421,7430.08278240853
"429",3,47,63,93,1,1,0.936842105263158,7022.70315669098
"430",3,47,63,93,1,1,0.957894736842105,6522.42962659017
"431",3,47,63,93,1,1,0.978947368421053,5668.95050113764
"432",3,47,63,93,1,1,1,4993.74241149083
"433",3,47,63,93,2,1,0.0105263157894737,4741.72024784614
"434",3,47,63,93,2,1,0.0315789473684211,4644.8328001874
"435",3,47,63,93,2,1,0.0526315789473684,4470.45451039896
"436",3,47,63,93,2,1,0.0736842105263158,4336.12220341461
"437",3,47,63,93,2,1,0.0947368421052632,3947.97113436078
"438",3,47,63,93,2,1,0.115789473684211,4202.20870609401
"439",3,47,63,93,2,1,0.136842105263158,4342.13073038899
"440",3,47,63,93,2,1,0.157894736842105,4535.44766808934
"441",3,47,63,93,2,1,0.178947368421053,4549.51331482247
"442",3,47,63,93,2,1,0.2,4443.15392707095
"443",3,47,63,93,2,1,0.221052631578947,4225.60786258857
"444",3,47,63,93,2,1,0.242105263157895,4129.25058805725
"445",3,47,63,93,2,1,0.263157894736842,4368.13523611658
"446",3,47,63,93,2,1,0.284210526315789,4668.12596869513
"447",3,47,63,93,2,1,0.305263157894737,4527.19257740533
"448",3,47,63,93,2,1,0.326315789473684,4709.05966568683
"449",3,47,63,93,2,1,0.347368421052632,4735.90213901253
"450",3,47,63,93,2,1,0.368421052631579,5011.16665620982
"451",3,47,63,93,2,1,0.389473684210526,5043.52924188749
"452",3,47,63,93,2,1,0.410526315789474,4820.61539113115
"453",3,47,63,93,2,1,0.431578947368421,5169.77858794008
"454",3,47,63,93,2,1,0.452631578947368,5597.54943544243
"455",3,47,63,93,2,1,0.473684210526316,5755.30940285089
"456",3,47,63,93,2,1,0.494736842105263,5901.64591868935
"457",3,47,63,93,2,1,0.51578947368421,5940.43268973566
"458",3,47,63,93,2,1,0.536842105263158,5954.08174169023
"459",3,47,63,93,2,1,0.557894736842105,5969.17920938514
"460",3,47,63,93,2,1,0.578947368421053,5946.5544640754
"461",3,47,63,93,2,1,0.6,5524.07192981001
"462",3,47,63,93,2,1,0.621052631578947,5790.0168820147
"463",3,47,63,93,2,1,0.642105263157895,5401.06066622458
"464",3,47,63,93,2,1,0.663157894736842,5658.27311606344
"465",3,47,63,93,2,1,0.684210526315789,5812.08428886748
"466",3,47,63,93,2,1,0.705263157894737,6204.17071500958
"467",3,47,63,93,2,1,0.726315789473684,6644.48021288763
"468",3,47,63,93,2,1,0.747368421052632,6899.96582529677
"469",3,47,63,93,2,1,0.768421052631579,7189.14339718372
"470",3,47,63,93,2,1,0.789473684210526,7406.80265365665
"471",3,47,63,93,2,1,0.810526315789474,7408.3821138063
"472",3,47,63,93,2,1,0.831578947368421,7499.03781661577
"473",3,47,63,93,2,1,0.852631578947368,7144.37164838199
"474",3,47,63,93,2,1,0.873684210526316,7330.85588741556
"475",3,47,63,93,2,1,0.894736842105263,6702.4941389346
"476",3,47,63,93,2,1,0.91578947368421,6576.45364417601
"477",3,47,63,93,2,1,0.936842105263158,6287.92241286493
"478",3,47,63,93,2,1,0.957894736842105,5894.93516764462
"479",3,47,63,93,2,1,0.978947368421053,5700.83833132448
"480",3,47,63,93,2,1,1,5435.97127877331
"481",3,47,63,93,3,1,0.0105263157894737,4628.18832269172
"482",3,47,63,93,3,1,0.0315789473684211,4340.60185647991
"483",3,47,63,93,3,1,0.0526315789473684,4046.38021813414
"484",3,47,63,93,3,1,0.0736842105263158,3951.91974927415
"485",3,47,63,93,3,1,0.0947368421052632,3958.80037096181
"486",3,47,63,93,3,1,0.115789473684211,4146.18326232214
"487",3,47,63,93,3,1,0.136842105263158,4278.58999702908
"488",3,47,63,93,3,1,0.157894736842105,4266.72984207649
"489",3,47,63,93,3,1,0.178947368421053,4532.20264494883
"490",3,47,63,93,3,1,0.2,4346.95415339766
"491",3,47,63,93,3,1,0.221052631578947,4165.17662276003
"492",3,47,63,93,3,1,0.242105263157895,3939.98609215815
"493",3,47,63,93,3,1,0.263157894736842,4173.70859183937
"494",3,47,63,93,3,1,0.284210526315789,4134.53005648362
"495",3,47,63,93,3,1,0.305263157894737,4610.26866541737
"496",3,47,63,93,3,1,0.326315789473684,4966.04415335871
"497",3,47,63,93,3,1,0.347368421052632,5302.85304268998
"498",3,47,63,93,3,1,0.368421052631579,5200.90502066476
"499",3,47,63,93,3,1,0.389473684210526,5471.98950857167
"500",3,47,63,93,3,1,0.410526315789474,5571.04256402535
"501",3,47,63,93,3,1,0.431578947368421,6002.48114001226
"502",3,47,63,93,3,1,0.452631578947368,6801.02927230723
"503",3,47,63,93,3,1,0.473684210526316,6783.78552856859
"504",3,47,63,93,3,1,0.494736842105263,6654.23933076159
"505",3,47,63,93,3,1,0.51578947368421,6293.7605735138
"506",3,47,63,93,3,1,0.536842105263158,6095.2041052776
"507",3,47,63,93,3,1,0.557894736842105,6538.00677571743
"508",3,47,63,93,3,1,0.578947368421053,6331.77174559183
"509",3,47,63,93,3,1,0.6,6283.09366079999
"510",3,47,63,93,3,1,0.621052631578947,6285.46702802883
"511",3,47,63,93,3,1,0.642105263157895,6431.4765656121
"512",3,47,63,93,3,1,0.663157894736842,6360.85211225816
"513",3,47,63,93,3,1,0.684210526315789,6600.51640702294
"514",3,47,63,93,3,1,0.705263157894737,6690.44113836307
"515",3,47,63,93,3,1,0.726315789473684,7233.75897052455
"516",3,47,63,93,3,1,0.747368421052632,7457.78302359015
"517",3,47,63,93,3,1,0.768421052631579,7645.15031555132
"518",3,47,63,93,3,1,0.789473684210526,7936.20203034463
"519",3,47,63,93,3,1,0.810526315789474,7936.18117693341
"520",3,47,63,93,3,1,0.831578947368421,7810.37853761621
"521",3,47,63,93,3,1,0.852631578947368,8048.5929259079
"522",3,47,63,93,3,1,0.873684210526316,7683.91448612689
"523",3,47,63,93,3,1,0.894736842105263,7541.64640466633
"524",3,47,63,93,3,1,0.91578947368421,7207.81522445598
"525",3,47,63,93,3,1,0.936842105263158,6607.51346561347
"526",3,47,63,93,3,1,0.957894736842105,6182.7482001422
"527",3,47,63,93,3,1,0.978947368421053,5686.13000132373
"528",3,47,63,93,3,1,1,4762.5860814911
"529",3,47,63,93,4,1,0.0105263157894737,5180.13404803124
"530",3,47,63,93,4,1,0.0315789473684211,4486.54932731261
"531",3,47,63,93,4,1,0.0526315789473684,4254.2756887933
"532",3,47,63,93,4,1,0.0736842105263158,3983.97219108961
"533",3,47,63,93,4,1,0.0947368421052632,4213.02332335574
"534",3,47,63,93,4,1,0.115789473684211,4248.40776986942
"535",3,47,63,93,4,1,0.136842105263158,4105.00255172058
"536",3,47,63,93,4,1,0.157894736842105,3775.22460870608
"537",3,47,63,93,4,1,0.178947368421053,3938.90051731926
"538",3,47,63,93,4,1,0.2,4377.91424959859
"539",3,47,63,93,4,1,0.221052631578947,4185.55755291932
"540",3,47,63,93,4,1,0.242105263157895,3993.48088858131
"541",3,47,63,93,4,1,0.263157894736842,4145.06774832102
"542",3,47,63,93,4,1,0.284210526315789,4110.82426280486
"543",3,47,63,93,4,1,0.305263157894737,4301.99798367289
"544",3,47,63,93,4,1,0.326315789473684,4568.7525124809
"545",3,47,63,93,4,1,0.347368421052632,5160.0835974003
"546",3,47,63,93,4,1,0.368421052631579,5167.37385094863
"547",3,47,63,93,4,1,0.389473684210526,4943.53999804364
"548",3,47,63,93,4,1,0.410526315789474,5413.17377918335
"549",3,47,63,93,4,1,0.431578947368421,6076.09109057276
"550",3,47,63,93,4,1,0.452631578947368,5914.2291587937
"551",3,47,63,93,4,1,0.473684210526316,5639.08503452956
"552",3,47,63,93,4,1,0.494736842105263,5907.97102963543
"553",3,47,63,93,4,1,0.51578947368421,5924.19284731036
"554",3,47,63,93,4,1,0.536842105263158,6311.20892997554
"555",3,47,63,93,4,1,0.557894736842105,6216.01923238006
"556",3,47,63,93,4,1,0.578947368421053,5989.93233704278
"557",3,47,63,93,4,1,0.6,6066.17482917931
"558",3,47,63,93,4,1,0.621052631578947,5651.0572928833
"559",3,47,63,93,4,1,0.642105263157895,5432.24091249074
"560",3,47,63,93,4,1,0.663157894736842,5785.53815414806
"561",3,47,63,93,4,1,0.684210526315789,5967.91408957823
"562",3,47,63,93,4,1,0.705263157894737,6430.02697113677
"563",3,47,63,93,4,1,0.726315789473684,7135.58963708305
"564",3,47,63,93,4,1,0.747368421052632,7533.71579944087
"565",3,47,63,93,4,1,0.768421052631579,7696.8872027295
"566",3,47,63,93,4,1,0.789473684210526,7577.94353027015
"567",3,47,63,93,4,1,0.810526315789474,7236.20678365283
"568",3,47,63,93,4,1,0.831578947368421,7539.03131236519
"569",3,47,63,93,4,1,0.852631578947368,7472.43179080402
"570",3,47,63,93,4,1,0.873684210526316,7212.50701852446
"571",3,47,63,93,4,1,0.894736842105263,6946.75915025863
"572",3,47,63,93,4,1,0.91578947368421,6512.93934187739
"573",3,47,63,93,4,1,0.936842105263158,6403.00401312204
"574",3,47,63,93,4,1,0.957894736842105,5740.84142964513
"575",3,47,63,93,4,1,0.978947368421053,5231.74055478534
"576",3,47,63,93,4,1,1,5100.82407150582
"577",4,78,67,3,1,1,0.0105263157894737,2519.87917851496
"578",4,78,67,3,1,1,0.0315789473684211,2284.111189648
"579",4,78,67,3,1,1,0.0526315789473684,2258.64560475049
"580",4,78,67,3,1,1,0.0736842105263158,2243.90467134467
"581",4,78,67,3,1,1,0.0947368421052632,2247.84228900827
"582",4,78,67,3,1,1,0.115789473684211,2292.84708925807
"583",4,78,67,3,1,1,0.136842105263158,2306.460709943
"584",4,78,67,3,1,1,0.157894736842105,2184.50205657116
"585",4,78,67,3,1,1,0.178947368421053,2444.3762727108
"586",4,78,67,3,1,1,0.2,2541.01260379041
"587",4,78,67,3,1,1,0.221052631578947,2689.8854568134
"588",4,78,67,3,1,1,0.242105263157895,2763.56698357312
"589",4,78,67,3,1,1,0.263157894736842,2774.92430189854
"590",4,78,67,3,1,1,0.284210526315789,2802.01823762998
"591",4,78,67,3,1,1,0.305263157894737,2912.82287076823
"592",4,78,67,3,1,1,0.326315789473684,3335.89266370614
"593",4,78,67,3,1,1,0.347368421052632,3533.4849150801
"594",4,78,67,3,1,1,0.368421052631579,3603.58719424393
"595",4,78,67,3,1,1,0.389473684210526,3739.91819670549
"596",4,78,67,3,1,1,0.410526315789474,3911.35123194442
"597",4,78,67,3,1,1,0.431578947368421,3892.74423643711
"598",4,78,67,3,1,1,0.452631578947368,3920.11949638237
"599",4,78,67,3,1,1,0.473684210526316,3862.0458182542
"600",4,78,67,3,1,1,0.494736842105263,3889.36538367903
"601",4,78,67,3,1,1,0.51578947368421,4231.67772452634
"602",4,78,67,3,1,1,0.536842105263158,4313.70324115117
"603",4,78,67,3,1,1,0.557894736842105,4334.51117842894
"604",4,78,67,3,1,1,0.578947368421053,4308.9625019584
"605",4,78,67,3,1,1,0.6,4275.46395158688
"606",4,78,67,3,1,1,0.621052631578947,4513.48254530996
"607",4,78,67,3,1,1,0.642105263157895,4288.6778075458
"608",4,78,67,3,1,1,0.663157894736842,4353.27432766536
"609",4,78,67,3,1,1,0.684210526315789,4479.85470131633
"610",4,78,67,3,1,1,0.705263157894737,4599.9050287845
"611",4,78,67,3,1,1,0.726315789473684,5019.44375199901
"612",4,78,67,3,1,1,0.747368421052632,5255.8018125723
"613",4,78,67,3,1,1,0.768421052631579,5640.61300445746
"614",4,78,67,3,1,1,0.789473684210526,5480.63459716879
"615",4,78,67,3,1,1,0.810526315789474,5681.44957048594
"616",4,78,67,3,1,1,0.831578947368421,5848.03379308654
"617",4,78,67,3,1,1,0.852631578947368,5382.36362567982
"618",4,78,67,3,1,1,0.873684210526316,4904.11772564961
"619",4,78,67,3,1,1,0.894736842105263,4522.11986556727
"620",4,78,67,3,1,1,0.91578947368421,4160.96239482735
"621",4,78,67,3,1,1,0.936842105263158,3829.15842197373
"622",4,78,67,3,1,1,0.957894736842105,3553.34581898481
"623",4,78,67,3,1,1,0.978947368421053,3431.10965194983
"624",4,78,67,3,1,1,1,3529.57753297244
"625",4,78,67,3,2,1,0.0105263157894737,3008.2802333345
"626",4,78,67,3,2,1,0.0315789473684211,2956.63736182506
"627",4,78,67,3,2,1,0.0526315789473684,2633.43356914926
"628",4,78,67,3,2,1,0.0736842105263158,2542.23199552033
"629",4,78,67,3,2,1,0.0947368421052632,2554.28203707539
"630",4,78,67,3,2,1,0.115789473684211,2604.39047365644
"631",4,78,67,3,2,1,0.136842105263158,2381.29653595439
"632",4,78,67,3,2,1,0.157894736842105,2383.71879965484
"633",4,78,67,3,2,1,0.178947368421053,2362.61500466166
"634",4,78,67,3,2,1,0.2,2581.95063929559
"635",4,78,67,3,2,1,0.221052631578947,2519.98318133548
"636",4,78,67,3,2,1,0.242105263157895,2740.93901170043
"637",4,78,67,3,2,1,0.263157894736842,2663.40778486499
"638",4,78,67,3,2,1,0.284210526315789,2765.70315049406
"639",4,78,67,3,2,1,0.305263157894737,2827.82704558754
"640",4,78,67,3,2,1,0.326315789473684,3192.88127168288
"641",4,78,67,3,2,1,0.347368421052632,3384.58230544908
"642",4,78,67,3,2,1,0.368421052631579,3630.08435976647
"643",4,78,67,3,2,1,0.389473684210526,3603.72154094412
"644",4,78,67,3,2,1,0.410526315789474,3807.9676025404
"645",4,78,67,3,2,1,0.431578947368421,3880.52680987427
"646",4,78,67,3,2,1,0.452631578947368,3938.63936795521
"647",4,78,67,3,2,1,0.473684210526316,4097.79376622753
"648",4,78,67,3,2,1,0.494736842105263,4589.43940701848
"649",4,78,67,3,2,1,0.51578947368421,4947.98772510875
"650",4,78,67,3,2,1,0.536842105263158,4680.75438538208
"651",4,78,67,3,2,1,0.557894736842105,4365.06084925235
"652",4,78,67,3,2,1,0.578947368421053,4398.20761076065
"653",4,78,67,3,2,1,0.6,4028.30892002277
"654",4,78,67,3,2,1,0.621052631578947,4075.65473016542
"655",4,78,67,3,2,1,0.642105263157895,4219.47285883687
"656",4,78,67,3,2,1,0.663157894736842,4168.38546275856
"657",4,78,67,3,2,1,0.684210526315789,4465.98363074776
"658",4,78,67,3,2,1,0.705263157894737,4894.8769439097
"659",4,78,67,3,2,1,0.726315789473684,4726.4848518588
"660",4,78,67,3,2,1,0.747368421052632,4801.34316466799
"661",4,78,67,3,2,1,0.768421052631579,5275.72168553134
"662",4,78,67,3,2,1,0.789473684210526,5410.00389428656
"663",4,78,67,3,2,1,0.810526315789474,5235.75334019965
"664",4,78,67,3,2,1,0.831578947368421,5282.47597454144
"665",4,78,67,3,2,1,0.852631578947368,4948.87677861573
"666",4,78,67,3,2,1,0.873684210526316,4786.28043830171
"667",4,78,67,3,2,1,0.894736842105263,4463.32610391482
"668",4,78,67,3,2,1,0.91578947368421,3946.6278436767
"669",4,78,67,3,2,1,0.936842105263158,3596.40652628406
"670",4,78,67,3,2,1,0.957894736842105,3223.98814027073
"671",4,78,67,3,2,1,0.978947368421053,3050.9730250961
"672",4,78,67,3,2,1,1,3121.29084960137
"673",4,78,67,3,3,1,0.0105263157894737,3107.68899260298
"674",4,78,67,3,3,1,0.0315789473684211,2980.99394338515
"675",4,78,67,3,3,1,0.0526315789473684,2949.73581716311
"676",4,78,67,3,3,1,0.0736842105263158,2919.60545262971
"677",4,78,67,3,3,1,0.0947368421052632,2514.61536186545
"678",4,78,67,3,3,1,0.115789473684211,2655.00026103838
"679",4,78,67,3,3,1,0.136842105263158,2672.11425837352
"680",4,78,67,3,3,1,0.157894736842105,2933.97295586265
"681",4,78,67,3,3,1,0.178947368421053,3180.90298774613
"682",4,78,67,3,3,1,0.2,3108.598277726
"683",4,78,67,3,3,1,0.221052631578947,3053.88872833569
"684",4,78,67,3,3,1,0.242105263157895,3127.49670557293
"685",4,78,67,3,3,1,0.263157894736842,3291.12212306347
"686",4,78,67,3,3,1,0.284210526315789,3334.09207282546
"687",4,78,67,3,3,1,0.305263157894737,3556.35397955872
"688",4,78,67,3,3,1,0.326315789473684,3600.73996189049
"689",4,78,67,3,3,1,0.347368421052632,3579.11736482147
"690",4,78,67,3,3,1,0.368421052631579,3717.15980756062
"691",4,78,67,3,3,1,0.389473684210526,3770.85222292717
"692",4,78,67,3,3,1,0.410526315789474,3902.39144743336
"693",4,78,67,3,3,1,0.431578947368421,4300.9255312979
"694",4,78,67,3,3,1,0.452631578947368,4296.53804893405
"695",4,78,67,3,3,1,0.473684210526316,4200.39772818002
"696",4,78,67,3,3,1,0.494736842105263,4173.42954947929
"697",4,78,67,3,3,1,0.51578947368421,4248.5846068204
"698",4,78,67,3,3,1,0.536842105263158,4063.69614384446
"699",4,78,67,3,3,1,0.557894736842105,3745.60564212125
"700",4,78,67,3,3,1,0.578947368421053,3764.98660913863
"701",4,78,67,3,3,1,0.6,3766.63412597634
"702",4,78,67,3,3,1,0.621052631578947,3948.56885528629
"703",4,78,67,3,3,1,0.642105263157895,3793.20193812309
"704",4,78,67,3,3,1,0.663157894736842,4285.14066187813
"705",4,78,67,3,3,1,0.684210526315789,4489.88174453262
"706",4,78,67,3,3,1,0.705263157894737,4861.28817714702
"707",4,78,67,3,3,1,0.726315789473684,4941.54887053069
"708",4,78,67,3,3,1,0.747368421052632,5263.72640694804
"709",4,78,67,3,3,1,0.768421052631579,5956.08666869263
"710",4,78,67,3,3,1,0.789473684210526,6190.58209423348
"711",4,78,67,3,3,1,0.810526315789474,5786.12188452204
"712",4,78,67,3,3,1,0.831578947368421,5513.04012389947
"713",4,78,67,3,3,1,0.852631578947368,4838.28349135226
"714",4,78,67,3,3,1,0.873684210526316,4705.35058615663
"715",4,78,67,3,3,1,0.894736842105263,4439.3730064048
"716",4,78,67,3,3,1,0.91578947368421,4176.50504331047
"717",4,78,67,3,3,1,0.936842105263158,3937.70275034227
"718",4,78,67,3,3,1,0.957894736842105,3512.21645155595
"719",4,78,67,3,3,1,0.978947368421053,3402.36870557932
"720",4,78,67,3,3,1,1,3702.96716000921
"721",4,78,67,3,4,1,0.0105263157894737,3374.37210949795
"722",4,78,67,3,4,1,0.0315789473684211,3201.00793088986
"723",4,78,67,3,4,1,0.0526315789473684,3123.87282182294
"724",4,78,67,3,4,1,0.0736842105263158,2921.02050056529
"725",4,78,67,3,4,1,0.0947368421052632,2603.35993810708
"726",4,78,67,3,4,1,0.115789473684211,2546.78135924736
"727",4,78,67,3,4,1,0.136842105263158,2590.00567361777
"728",4,78,67,3,4,1,0.157894736842105,2372.36104236395
"729",4,78,67,3,4,1,0.178947368421053,2594.18062504808
"730",4,78,67,3,4,1,0.2,2520.89137957528
"731",4,78,67,3,4,1,0.221052631578947,2744.50950280072
"732",4,78,67,3,4,1,0.242105263157895,3055.73936354067
"733",4,78,67,3,4,1,0.263157894736842,3050.9660074278
"734",4,78,67,3,4,1,0.284210526315789,3175.65874180328
"735",4,78,67,3,4,1,0.305263157894737,3277.10728082909
"736",4,78,67,3,4,1,0.326315789473684,3214.52495146843
"737",4,78,67,3,4,1,0.347368421052632,3318.04783295312
"738",4,78,67,3,4,1,0.368421052631579,3555.21230633776
"739",4,78,67,3,4,1,0.389473684210526,3814.68385374054
"740",4,78,67,3,4,1,0.410526315789474,4017.22181888862
"741",4,78,67,3,4,1,0.431578947368421,4088.25391159012
"742",4,78,67,3,4,1,0.452631578947368,4260.61241282708
"743",4,78,67,3,4,1,0.473684210526316,4318.03901347439
"744",4,78,67,3,4,1,0.494736842105263,4545.72967526159
"745",4,78,67,3,4,1,0.51578947368421,4463.36083644813
"746",4,78,67,3,4,1,0.536842105263158,4445.02001531228
"747",4,78,67,3,4,1,0.557894736842105,4245.14492630534
"748",4,78,67,3,4,1,0.578947368421053,4233.04452604269
"749",4,78,67,3,4,1,0.6,3969.83436415046
"750",4,78,67,3,4,1,0.621052631578947,3582.41384260434
"751",4,78,67,3,4,1,0.642105263157895,3977.17886632766
"752",4,78,67,3,4,1,0.663157894736842,4072.02693034208
"753",4,78,67,3,4,1,0.684210526315789,4136.08985525598
"754",4,78,67,3,4,1,0.705263157894737,4287.05631487565
"755",4,78,67,3,4,1,0.726315789473684,4496.5288477122
"756",4,78,67,3,4,1,0.747368421052632,4509.61343186917
"757",4,78,67,3,4,1,0.768421052631579,4995.31494885985
"758",4,78,67,3,4,1,0.789473684210526,5354.20141629022
"759",4,78,67,3,4,1,0.810526315789474,5682.32698036361
"760",4,78,67,3,4,1,0.831578947368421,5532.70885736226
"761",4,78,67,3,4,1,0.852631578947368,5326.44184159187
"762",4,78,67,3,4,1,0.873684210526316,4918.11007155742
"763",4,78,67,3,4,1,0.894736842105263,4715.1229165206
"764",4,78,67,3,4,1,0.91578947368421,4043.67081756068
"765",4,78,67,3,4,1,0.936842105263158,3614.99279003953
"766",4,78,67,3,4,1,0.957894736842105,3160.28690665753
"767",4,78,67,3,4,1,0.978947368421053,3223.29085689443
"768",4,78,67,3,4,1,1,3145.02035363317
"769",5,51,78,12,1,2,0.0105263157894737,2336.75399476227
"770",5,51,78,12,1,2,0.0315789473684211,2407.72228009742
"771",5,51,78,12,1,2,0.0526315789473684,2472.7843962583
"772",5,51,78,12,1,2,0.0736842105263158,2562.31986495157
"773",5,51,78,12,1,2,0.0947368421052632,2617.81522352396
"774",5,51,78,12,1,2,0.115789473684211,2301.02808962026
"775",5,51,78,12,1,2,0.136842105263158,2581.92916461693
"776",5,51,78,12,1,2,0.157894736842105,2821.44905072891
"777",5,51,78,12,1,2,0.178947368421053,2556.54043701216
"778",5,51,78,12,1,2,0.2,2588.28187005338
"779",5,51,78,12,1,2,0.221052631578947,2761.25234817572
"780",5,51,78,12,1,2,0.242105263157895,2951.01873676554
"781",5,51,78,12,1,2,0.263157894736842,3061.30559859716
"782",5,51,78,12,1,2,0.284210526315789,3101.61359021335
"783",5,51,78,12,1,2,0.305263157894737,3661.73990514865
"784",5,51,78,12,1,2,0.326315789473684,4105.93282782862
"785",5,51,78,12,1,2,0.347368421052632,4566.18793414522
"786",5,51,78,12,1,2,0.368421052631579,3965.35580800672
"787",5,51,78,12,1,2,0.389473684210526,4102.00815138107
"788",5,51,78,12,1,2,0.410526315789474,4203.67068039773
"789",5,51,78,12,1,2,0.431578947368421,4262.4046450579
"790",5,51,78,12,1,2,0.452631578947368,4344.15535968978
"791",5,51,78,12,1,2,0.473684210526316,4179.91017094407
"792",5,51,78,12,1,2,0.494736842105263,4037.46217629796
"793",5,51,78,12,1,2,0.51578947368421,4131.18812217782
"794",5,51,78,12,1,2,0.536842105263158,3664.15393484125
"795",5,51,78,12,1,2,0.557894736842105,3491.58512329623
"796",5,51,78,12,1,2,0.578947368421053,3292.75956416498
"797",5,51,78,12,1,2,0.6,3241.55905243196
"798",5,51,78,12,1,2,0.621052631578947,3236.84960561484
"799",5,51,78,12,1,2,0.642105263157895,3124.63795237417
"800",5,51,78,12,1,2,0.663157894736842,3277.19974061457
"801",5,51,78,12,1,2,0.684210526315789,3028.94886116396
"802",5,51,78,12,1,2,0.705263157894737,2935.18653475354
"803",5,51,78,12,1,2,0.726315789473684,3130.39832058817
"804",5,51,78,12,1,2,0.747368421052632,3219.50863527691
"805",5,51,78,12,1,2,0.768421052631579,3222.1641697203
"806",5,51,78,12,1,2,0.789473684210526,3708.35647023571
"807",5,51,78,12,1,2,0.810526315789474,3883.5314466646
"808",5,51,78,12,1,2,0.831578947368421,3512.07841529039
"809",5,51,78,12,1,2,0.852631578947368,3157.59976792407
"810",5,51,78,12,1,2,0.873684210526316,2875.71328623765
"811",5,51,78,12,1,2,0.894736842105263,2538.52312713165
"812",5,51,78,12,1,2,0.91578947368421,2512.89451511015
"813",5,51,78,12,1,2,0.936842105263158,2520.5532576197
"814",5,51,78,12,1,2,0.957894736842105,2361.60226415082
"815",5,51,78,12,1,2,0.978947368421053,2247.20894696953
"816",5,51,78,12,1,2,1,2511.44309084813
"817",5,51,78,12,2,2,0.0105263157894737,2097.70797454238
"818",5,51,78,12,2,2,0.0315789473684211,2262.42687814821
"819",5,51,78,12,2,2,0.0526315789473684,2556.50135785041
"820",5,51,78,12,2,2,0.0736842105263158,2494.10800073339
"821",5,51,78,12,2,2,0.0947368421052632,2424.07369112105
"822",5,51,78,12,2,2,0.115789473684211,2690.03300610082
"823",5,51,78,12,2,2,0.136842105263158,2561.13129485622
"824",5,51,78,12,2,2,0.157894736842105,2549.80895883448
"825",5,51,78,12,2,2,0.178947368421053,2540.85273817806
"826",5,51,78,12,2,2,0.2,2344.6291848742
"827",5,51,78,12,2,2,0.221052631578947,2577.7197026677
"828",5,51,78,12,2,2,0.242105263157895,2596.95178610655
"829",5,51,78,12,2,2,0.263157894736842,3079.3065788679
"830",5,51,78,12,2,2,0.284210526315789,3425.31425379786
"831",5,51,78,12,2,2,0.305263157894737,3576.2814242855
"832",5,51,78,12,2,2,0.326315789473684,3498.39651210179
"833",5,51,78,12,2,2,0.347368421052632,3420.50102856613
"834",5,51,78,12,2,2,0.368421052631579,3549.34663377878
"835",5,51,78,12,2,2,0.389473684210526,3684.40337990764
"836",5,51,78,12,2,2,0.410526315789474,3734.09879676782
"837",5,51,78,12,2,2,0.431578947368421,4052.17655896085
"838",5,51,78,12,2,2,0.452631578947368,4007.21883167856
"839",5,51,78,12,2,2,0.473684210526316,3989.55208091795
"840",5,51,78,12,2,2,0.494736842105263,3817.16365433847
"841",5,51,78,12,2,2,0.51578947368421,3988.37695110457
"842",5,51,78,12,2,2,0.536842105263158,3983.35991550154
"843",5,51,78,12,2,2,0.557894736842105,3599.62318565731
"844",5,51,78,12,2,2,0.578947368421053,3642.05185959545
"845",5,51,78,12,2,2,0.6,3160.51649550295
"846",5,51,78,12,2,2,0.621052631578947,2927.02680589648
"847",5,51,78,12,2,2,0.642105263157895,3141.10905709935
"848",5,51,78,12,2,2,0.663157894736842,2652.55135885117
"849",5,51,78,12,2,2,0.684210526315789,2956.95403091751
"850",5,51,78,12,2,2,0.705263157894737,3291.32730262376
"851",5,51,78,12,2,2,0.726315789473684,2867.91011065532
"852",5,51,78,12,2,2,0.747368421052632,3426.70782051611
"853",5,51,78,12,2,2,0.768421052631579,3431.7030899302
"854",5,51,78,12,2,2,0.789473684210526,3829.95549598602
"855",5,51,78,12,2,2,0.810526315789474,3813.10165039034
"856",5,51,78,12,2,2,0.831578947368421,3506.08987716978
"857",5,51,78,12,2,2,0.852631578947368,3009.24039058728
"858",5,51,78,12,2,2,0.873684210526316,2834.12025178952
"859",5,51,78,12,2,2,0.894736842105263,2610.39839634142
"860",5,51,78,12,2,2,0.91578947368421,2321.68600580781
"861",5,51,78,12,2,2,0.936842105263158,2109.55462379259
"862",5,51,78,12,2,2,0.957894736842105,1885.45982301742
"863",5,51,78,12,2,2,0.978947368421053,2133.5202234224
"864",5,51,78,12,2,2,1,2381.60721088096
"865",5,51,78,12,3,2,0.0105263157894737,2228.12871349622
"866",5,51,78,12,3,2,0.0315789473684211,2377.58200176107
"867",5,51,78,12,3,2,0.0526315789473684,2616.85952594669
"868",5,51,78,12,3,2,0.0736842105263158,2629.47372117024
"869",5,51,78,12,3,2,0.0947368421052632,2755.43159215069
"870",5,51,78,12,3,2,0.115789473684211,2400.98006304809
"871",5,51,78,12,3,2,0.136842105263158,2269.73224342591
"872",5,51,78,12,3,2,0.157894736842105,2242.70520894925
"873",5,51,78,12,3,2,0.178947368421053,2180.54277916503
"874",5,51,78,12,3,2,0.2,2472.37496166231
"875",5,51,78,12,3,2,0.221052631578947,2458.71152538077
"876",5,51,78,12,3,2,0.242105263157895,2684.39466546283
"877",5,51,78,12,3,2,0.263157894736842,2958.33952878355
"878",5,51,78,12,3,2,0.284210526315789,2963.05613293485
"879",5,51,78,12,3,2,0.305263157894737,3161.73393927562
"880",5,51,78,12,3,2,0.326315789473684,3478.36591480374
"881",5,51,78,12,3,2,0.347368421052632,3446.44127675993
"882",5,51,78,12,3,2,0.368421052631579,3180.2029929524
"883",5,51,78,12,3,2,0.389473684210526,3029.21886995282
"884",5,51,78,12,3,2,0.410526315789474,3679.37038094252
"885",5,51,78,12,3,2,0.431578947368421,4013.00750549285
"886",5,51,78,12,3,2,0.452631578947368,4224.57733506461
"887",5,51,78,12,3,2,0.473684210526316,4033.63643333862
"888",5,51,78,12,3,2,0.494736842105263,3975.06848632802
"889",5,51,78,12,3,2,0.51578947368421,3993.88265137993
"890",5,51,78,12,3,2,0.536842105263158,4151.43972802955
"891",5,51,78,12,3,2,0.557894736842105,4301.85954045466
"892",5,51,78,12,3,2,0.578947368421053,4030.12067699315
"893",5,51,78,12,3,2,0.6,3626.16929497171
"894",5,51,78,12,3,2,0.621052631578947,3002.95438668019
"895",5,51,78,12,3,2,0.642105263157895,3075.24575297903
"896",5,51,78,12,3,2,0.663157894736842,2912.47543841421
"897",5,51,78,12,3,2,0.684210526315789,2887.51093170645
"898",5,51,78,12,3,2,0.705263157894737,3024.79745156725
"899",5,51,78,12,3,2,0.726315789473684,3160.22982914578
"900",5,51,78,12,3,2,0.747368421052632,3297.49692972802
"901",5,51,78,12,3,2,0.768421052631579,3372.29139422913
"902",5,51,78,12,3,2,0.789473684210526,3540.18025829161
"903",5,51,78,12,3,2,0.810526315789474,3607.19901535851
"904",5,51,78,12,3,2,0.831578947368421,3351.93527588819
"905",5,51,78,12,3,2,0.852631578947368,3417.12904475771
"906",5,51,78,12,3,2,0.873684210526316,3239.02648612555
"907",5,51,78,12,3,2,0.894736842105263,2926.76351533773
"908",5,51,78,12,3,2,0.91578947368421,2535.09058272176
"909",5,51,78,12,3,2,0.936842105263158,2360.10778746135
"910",5,51,78,12,3,2,0.957894736842105,2373.72477959768
"911",5,51,78,12,3,2,0.978947368421053,2528.29648735479
"912",5,51,78,12,3,2,1,2668.18967740092
"913",5,51,78,12,4,2,0.0105263157894737,2165.37428569215
"914",5,51,78,12,4,2,0.0315789473684211,2122.78316722946
"915",5,51,78,12,4,2,0.0526315789473684,2133.00523633831
"916",5,51,78,12,4,2,0.0736842105263158,2054.3980884528
"917",5,51,78,12,4,2,0.0947368421052632,1889.72903402952
"918",5,51,78,12,4,2,0.115789473684211,2068.58242715939
"919",5,51,78,12,4,2,0.136842105263158,2300.30396398318
"920",5,51,78,12,4,2,0.157894736842105,2223.97164512252
"921",5,51,78,12,4,2,0.178947368421053,2411.67624126597
"922",5,51,78,12,4,2,0.2,2728.40031810545
"923",5,51,78,12,4,2,0.221052631578947,2841.01345464336
"924",5,51,78,12,4,2,0.242105263157895,3127.86599073999
"925",5,51,78,12,4,2,0.263157894736842,3799.16749432502
"926",5,51,78,12,4,2,0.284210526315789,3925.43172478033
"927",5,51,78,12,4,2,0.305263157894737,4125.28662875818
"928",5,51,78,12,4,2,0.326315789473684,4093.95829723586
"929",5,51,78,12,4,2,0.347368421052632,4033.96713408504
"930",5,51,78,12,4,2,0.368421052631579,4157.4137042538
"931",5,51,78,12,4,2,0.389473684210526,4350.59687775941
"932",5,51,78,12,4,2,0.410526315789474,4370.40648885965
"933",5,51,78,12,4,2,0.431578947368421,4230.04341523507
"934",5,51,78,12,4,2,0.452631578947368,4036.6181875654
"935",5,51,78,12,4,2,0.473684210526316,4335.36677666822
"936",5,51,78,12,4,2,0.494736842105263,3904.28717980097
"937",5,51,78,12,4,2,0.51578947368421,3605.04522402991
"938",5,51,78,12,4,2,0.536842105263158,3652.95337122829
"939",5,51,78,12,4,2,0.557894736842105,3511.46820218585
"940",5,51,78,12,4,2,0.578947368421053,3171.4540923429
"941",5,51,78,12,4,2,0.6,3019.87299629194
"942",5,51,78,12,4,2,0.621052631578947,3120.7230226743
"943",5,51,78,12,4,2,0.642105263157895,3177.24636182776
"944",5,51,78,12,4,2,0.663157894736842,3282.05504527885
"945",5,51,78,12,4,2,0.684210526315789,3335.08119198219
"946",5,51,78,12,4,2,0.705263157894737,3413.61931427356
"947",5,51,78,12,4,2,0.726315789473684,3263.96442136545
"948",5,51,78,12,4,2,0.747368421052632,3466.69631364451
"949",5,51,78,12,4,2,0.768421052631579,3622.24183488912
"950",5,51,78,12,4,2,0.789473684210526,3969.7774370231
"951",5,51,78,12,4,2,0.810526315789474,3975.32091734145
"952",5,51,78,12,4,2,0.831578947368421,3720.2507813016
"953",5,51,78,12,4,2,0.852631578947368,3339.97683802411
"954",5,51,78,12,4,2,0.873684210526316,3116.43565410833
"955",5,51,78,12,4,2,0.894736842105263,2880.42782613847
"956",5,51,78,12,4,2,0.91578947368421,2662.03452275375
"957",5,51,78,12,4,2,0.936842105263158,2263.84527546516
"958",5,51,78,12,4,2,0.957894736842105,2243.93411779676
"959",5,51,78,12,4,2,0.978947368421053,2551.55373257472
"960",5,51,78,12,4,2,1,2580.99325407332
"961",6,5,49,77,1,2,0.0105263157894737,2326.92220177683
"962",6,5,49,77,1,2,0.0315789473684211,2125.97910065992
"963",6,5,49,77,1,2,0.0526315789473684,2196.60202230784
"964",6,5,49,77,1,2,0.0736842105263158,2093.47034041848
"965",6,5,49,77,1,2,0.0947368421052632,2090.04189847656
"966",6,5,49,77,1,2,0.115789473684211,2282.61689000689
"967",6,5,49,77,1,2,0.136842105263158,2577.35510030076
"968",6,5,49,77,1,2,0.157894736842105,2701.92785948475
"969",6,5,49,77,1,2,0.178947368421053,2944.30902052395
"970",6,5,49,77,1,2,0.2,3031.44048618392
"971",6,5,49,77,1,2,0.221052631578947,3429.91774062779
"972",6,5,49,77,1,2,0.242105263157895,3598.55761539928
"973",6,5,49,77,1,2,0.263157894736842,3629.31616587989
"974",6,5,49,77,1,2,0.284210526315789,3935.6899932332
"975",6,5,49,77,1,2,0.305263157894737,4050.40077620898
"976",6,5,49,77,1,2,0.326315789473684,4229.65931665642
"977",6,5,49,77,1,2,0.347368421052632,4429.95438288442
"978",6,5,49,77,1,2,0.368421052631579,4502.86404609155
"979",6,5,49,77,1,2,0.389473684210526,4588.37294484609
"980",6,5,49,77,1,2,0.410526315789474,4573.51177014814
"981",6,5,49,77,1,2,0.431578947368421,4408.70930479335
"982",6,5,49,77,1,2,0.452631578947368,4135.50135826857
"983",6,5,49,77,1,2,0.473684210526316,4046.65170616416
"984",6,5,49,77,1,2,0.494736842105263,3895.06568576414
"985",6,5,49,77,1,2,0.51578947368421,3912.23968229747
"986",6,5,49,77,1,2,0.536842105263158,3639.73472439924
"987",6,5,49,77,1,2,0.557894736842105,3623.28619470103
"988",6,5,49,77,1,2,0.578947368421053,3612.59096246543
"989",6,5,49,77,1,2,0.6,3381.21689376478
"990",6,5,49,77,1,2,0.621052631578947,3154.26015801981
"991",6,5,49,77,1,2,0.642105263157895,2878.69374615074
"992",6,5,49,77,1,2,0.663157894736842,2827.99655053874
"993",6,5,49,77,1,2,0.684210526315789,2974.75587106053
"994",6,5,49,77,1,2,0.705263157894737,2802.28792261227
"995",6,5,49,77,1,2,0.726315789473684,2601.64608003862
"996",6,5,49,77,1,2,0.747368421052632,2744.15237753575
"997",6,5,49,77,1,2,0.768421052631579,2721.14204135117
"998",6,5,49,77,1,2,0.789473684210526,2775.54062187686
"999",6,5,49,77,1,2,0.810526315789474,2729.24726045317
"1000",6,5,49,77,1,2,0.831578947368421,2269.53827801115
"1001",6,5,49,77,1,2,0.852631578947368,2334.27371359607
"1002",6,5,49,77,1,2,0.873684210526316,2174.02726883733
"1003",6,5,49,77,1,2,0.894736842105263,1976.88289257047
"1004",6,5,49,77,1,2,0.91578947368421,2033.19347011989
"1005",6,5,49,77,1,2,0.936842105263158,2017.61018217555
"1006",6,5,49,77,1,2,0.957894736842105,2036.63403734906
"1007",6,5,49,77,1,2,0.978947368421053,2006.19662047921
"1008",6,5,49,77,1,2,1,1912.16590606984
"1009",6,5,49,77,2,2,0.0105263157894737,1907.00567127646
"1010",6,5,49,77,2,2,0.0315789473684211,2189.40298931715
"1011",6,5,49,77,2,2,0.0526315789473684,2362.42613876291
"1012",6,5,49,77,2,2,0.0736842105263158,2356.55052890413
"1013",6,5,49,77,2,2,0.0947368421052632,2494.63090391671
"1014",6,5,49,77,2,2,0.115789473684211,2416.54215637212
"1015",6,5,49,77,2,2,0.136842105263158,2603.553452426
"1016",6,5,49,77,2,2,0.157894736842105,2622.26981901998
"1017",6,5,49,77,2,2,0.178947368421053,2732.92799653442
"1018",6,5,49,77,2,2,0.2,2845.47968433279
"1019",6,5,49,77,2,2,0.221052631578947,3132.29028877125
"1020",6,5,49,77,2,2,0.242105263157895,3233.31679013577
"1021",6,5,49,77,2,2,0.263157894736842,3491.21083119127
"1022",6,5,49,77,2,2,0.284210526315789,3664.64569597549
"1023",6,5,49,77,2,2,0.305263157894737,3846.35972046197
"1024",6,5,49,77,2,2,0.326315789473684,4021.15788566161
"1025",6,5,49,77,2,2,0.347368421052632,3897.30974979643
"1026",6,5,49,77,2,2,0.368421052631579,4247.48503933458
"1027",6,5,49,77,2,2,0.389473684210526,4456.95972693586
"1028",6,5,49,77,2,2,0.410526315789474,4277.50925204157
"1029",6,5,49,77,2,2,0.431578947368421,4265.13082044098
"1030",6,5,49,77,2,2,0.452631578947368,4307.71269568591
"1031",6,5,49,77,2,2,0.473684210526316,3977.47862769869
"1032",6,5,49,77,2,2,0.494736842105263,3779.8317209096
"1033",6,5,49,77,2,2,0.51578947368421,3836.54247582888
"1034",6,5,49,77,2,2,0.536842105263158,3618.7156926693
"1035",6,5,49,77,2,2,0.557894736842105,3489.64859472203
"1036",6,5,49,77,2,2,0.578947368421053,3417.97894305927
"1037",6,5,49,77,2,2,0.6,3115.43480711402
"1038",6,5,49,77,2,2,0.621052631578947,3233.6915012176
"1039",6,5,49,77,2,2,0.642105263157895,3062.87120287534
"1040",6,5,49,77,2,2,0.663157894736842,3006.2603952674
"1041",6,5,49,77,2,2,0.684210526315789,2693.37291679856
"1042",6,5,49,77,2,2,0.705263157894737,2700.70207069917
"1043",6,5,49,77,2,2,0.726315789473684,2506.59588030929
"1044",6,5,49,77,2,2,0.747368421052632,2385.38112691059
"1045",6,5,49,77,2,2,0.768421052631579,2428.0525732454
"1046",6,5,49,77,2,2,0.789473684210526,2393.85017065612
"1047",6,5,49,77,2,2,0.810526315789474,2321.39687849394
"1048",6,5,49,77,2,2,0.831578947368421,2392.64576357733
"1049",6,5,49,77,2,2,0.852631578947368,2314.72707828487
"1050",6,5,49,77,2,2,0.873684210526316,2119.915926934
"1051",6,5,49,77,2,2,0.894736842105263,1978.72831026035
"1052",6,5,49,77,2,2,0.91578947368421,1852.52700083795
"1053",6,5,49,77,2,2,0.936842105263158,1952.22263174691
"1054",6,5,49,77,2,2,0.957894736842105,1931.16387386946
"1055",6,5,49,77,2,2,0.978947368421053,1818.1870582307
"1056",6,5,49,77,2,2,1,1849.09269613486
"1057",6,5,49,77,3,2,0.0105263157894737,2345.4857253413
"1058",6,5,49,77,3,2,0.0315789473684211,2477.5026777037
"1059",6,5,49,77,3,2,0.0526315789473684,2436.34463868894
"1060",6,5,49,77,3,2,0.0736842105263158,2580.05226448999
"1061",6,5,49,77,3,2,0.0947368421052632,2770.58229366246
"1062",6,5,49,77,3,2,0.115789473684211,3035.36222786578
"1063",6,5,49,77,3,2,0.136842105263158,2990.87365524862
"1064",6,5,49,77,3,2,0.157894736842105,2873.65788667251
"1065",6,5,49,77,3,2,0.178947368421053,3013.42638090677
"1066",6,5,49,77,3,2,0.2,3018.54799421738
"1067",6,5,49,77,3,2,0.221052631578947,3132.89352727503
"1068",6,5,49,77,3,2,0.242105263157895,3279.32731356137
"1069",6,5,49,77,3,2,0.263157894736842,3391.80440453814
"1070",6,5,49,77,3,2,0.284210526315789,3622.39195890528
"1071",6,5,49,77,3,2,0.305263157894737,3888.60562294282
"1072",6,5,49,77,3,2,0.326315789473684,4095.46370054672
"1073",6,5,49,77,3,2,0.347368421052632,4243.76171862066
"1074",6,5,49,77,3,2,0.368421052631579,4268.80855608283
"1075",6,5,49,77,3,2,0.389473684210526,4223.85996315316
"1076",6,5,49,77,3,2,0.410526315789474,4054.85588727508
"1077",6,5,49,77,3,2,0.431578947368421,4088.82632734845
"1078",6,5,49,77,3,2,0.452631578947368,4190.0970638137
"1079",6,5,49,77,3,2,0.473684210526316,4201.85100792141
"1080",6,5,49,77,3,2,0.494736842105263,4129.73344493666
"1081",6,5,49,77,3,2,0.51578947368421,3916.1252002445
"1082",6,5,49,77,3,2,0.536842105263158,3708.73077743393
"1083",6,5,49,77,3,2,0.557894736842105,3761.71019035189
"1084",6,5,49,77,3,2,0.578947368421053,3440.66929058662
"1085",6,5,49,77,3,2,0.6,3485.5282696385
"1086",6,5,49,77,3,2,0.621052631578947,3421.60327424262
"1087",6,5,49,77,3,2,0.642105263157895,3143.97905358245
"1088",6,5,49,77,3,2,0.663157894736842,2980.43456841893
"1089",6,5,49,77,3,2,0.684210526315789,2861.14993135374
"1090",6,5,49,77,3,2,0.705263157894737,2785.50766923832
"1091",6,5,49,77,3,2,0.726315789473684,2579.88419680544
"1092",6,5,49,77,3,2,0.747368421052632,2607.11424653346
"1093",6,5,49,77,3,2,0.768421052631579,2578.74290267944
"1094",6,5,49,77,3,2,0.789473684210526,2695.63437393363
"1095",6,5,49,77,3,2,0.810526315789474,2481.84152959258
"1096",6,5,49,77,3,2,0.831578947368421,2469.99791179885
"1097",6,5,49,77,3,2,0.852631578947368,2439.02556578786
"1098",6,5,49,77,3,2,0.873684210526316,2207.97285329673
"1099",6,5,49,77,3,2,0.894736842105263,1921.43652272184
"1100",6,5,49,77,3,2,0.91578947368421,1912.34188842555
"1101",6,5,49,77,3,2,0.936842105263158,1911.34615721928
"1102",6,5,49,77,3,2,0.957894736842105,1845.84143536958
"1103",6,5,49,77,3,2,0.978947368421053,1974.27223552494
"1104",6,5,49,77,3,2,1,2162.39164751614
"1105",6,5,49,77,4,2,0.0105263157894737,2225.08838261972
"1106",6,5,49,77,4,2,0.0315789473684211,2464.65921599241
"1107",6,5,49,77,4,2,0.0526315789473684,2347.371453464
"1108",6,5,49,77,4,2,0.0736842105263158,2251.79188247863
"1109",6,5,49,77,4,2,0.0947368421052632,2213.65068751245
"1110",6,5,49,77,4,2,0.115789473684211,2041.53534541618
"1111",6,5,49,77,4,2,0.136842105263158,2118.9730988364
"1112",6,5,49,77,4,2,0.157894736842105,2432.30368413223
"1113",6,5,49,77,4,2,0.178947368421053,2315.51405550091
"1114",6,5,49,77,4,2,0.2,2652.18141533855
"1115",6,5,49,77,4,2,0.221052631578947,3017.44762013188
"1116",6,5,49,77,4,2,0.242105263157895,3166.87721778971
"1117",6,5,49,77,4,2,0.263157894736842,3343.41150496385
"1118",6,5,49,77,4,2,0.284210526315789,3404.04462823581
"1119",6,5,49,77,4,2,0.305263157894737,3725.68606172599
"1120",6,5,49,77,4,2,0.326315789473684,4289.51114177799
"1121",6,5,49,77,4,2,0.347368421052632,4062.62911032237
"1122",6,5,49,77,4,2,0.368421052631579,3911.13037540461
"1123",6,5,49,77,4,2,0.389473684210526,3957.46631895103
"1124",6,5,49,77,4,2,0.410526315789474,3714.55748745619
"1125",6,5,49,77,4,2,0.431578947368421,3871.38813472543
"1126",6,5,49,77,4,2,0.452631578947368,4090.58224607683
"1127",6,5,49,77,4,2,0.473684210526316,3913.84633177513
"1128",6,5,49,77,4,2,0.494736842105263,3936.09336750539
"1129",6,5,49,77,4,2,0.51578947368421,4117.23417853813
"1130",6,5,49,77,4,2,0.536842105263158,3814.68559148114
"1131",6,5,49,77,4,2,0.557894736842105,3712.89091485444
"1132",6,5,49,77,4,2,0.578947368421053,3735.19804509331
"1133",6,5,49,77,4,2,0.6,3314.74835276986
"1134",6,5,49,77,4,2,0.621052631578947,3369.4480953255
"1135",6,5,49,77,4,2,0.642105263157895,3065.14706698172
"1136",6,5,49,77,4,2,0.663157894736842,2961.82202577327
"1137",6,5,49,77,4,2,0.684210526315789,2744.99286916681
"1138",6,5,49,77,4,2,0.705263157894737,2804.85755743381
"1139",6,5,49,77,4,2,0.726315789473684,2734.10717581693
"1140",6,5,49,77,4,2,0.747368421052632,2547.1912067608
"1141",6,5,49,77,4,2,0.768421052631579,2358.90740071585
"1142",6,5,49,77,4,2,0.789473684210526,2083.48848210369
"1143",6,5,49,77,4,2,0.810526315789474,2357.13845254804
"1144",6,5,49,77,4,2,0.831578947368421,2308.57700130832
"1145",6,5,49,77,4,2,0.852631578947368,2441.84437906988
"1146",6,5,49,77,4,2,0.873684210526316,2476.88859439402
"1147",6,5,49,77,4,2,0.894736842105263,2306.1278188223
"1148",6,5,49,77,4,2,0.91578947368421,2228.53657475594
"1149",6,5,49,77,4,2,0.936842105263158,2168.22623873144
"1150",6,5,49,77,4,2,0.957894736842105,2129.4961853089
"1151",6,5,49,77,4,2,0.978947368421053,1929.99281773022
"1152",6,5,49,77,4,2,1,1900.48007766496
"1153",7,74,12,87,1,2,0.0105263157894737,2606.17243048398
"1154",7,74,12,87,1,2,0.0315789473684211,2859.79065131276
"1155",7,74,12,87,1,2,0.0526315789473684,2493.91515559651
"1156",7,74,12,87,1,2,0.0736842105263158,2513.33310988807
"1157",7,74,12,87,1,2,0.0947368421052632,2788.11916884032
"1158",7,74,12,87,1,2,0.115789473684211,2935.57335314979
"1159",7,74,12,87,1,2,0.136842105263158,2910.45333088935
"1160",7,74,12,87,1,2,0.157894736842105,3225.69223954518
"1161",7,74,12,87,1,2,0.178947368421053,3555.71484072355
"1162",7,74,12,87,1,2,0.2,3960.4305744346
"1163",7,74,12,87,1,2,0.221052631578947,4405.09541803905
"1164",7,74,12,87,1,2,0.242105263157895,4367.75890744701
"1165",7,74,12,87,1,2,0.263157894736842,4957.69055061938
"1166",7,74,12,87,1,2,0.284210526315789,4895.13536389969
"1167",7,74,12,87,1,2,0.305263157894737,5031.01726351005
"1168",7,74,12,87,1,2,0.326315789473684,5303.94571460448
"1169",7,74,12,87,1,2,0.347368421052632,5210.85074110009
"1170",7,74,12,87,1,2,0.368421052631579,5503.44019044051
"1171",7,74,12,87,1,2,0.389473684210526,5384.70322769217
"1172",7,74,12,87,1,2,0.410526315789474,5386.97711991871
"1173",7,74,12,87,1,2,0.431578947368421,5139.57000205089
"1174",7,74,12,87,1,2,0.452631578947368,5176.43777705732
"1175",7,74,12,87,1,2,0.473684210526316,4946.23068118139
"1176",7,74,12,87,1,2,0.494736842105263,5334.78963856548
"1177",7,74,12,87,1,2,0.51578947368421,4856.23109937166
"1178",7,74,12,87,1,2,0.536842105263158,4493.74259895068
"1179",7,74,12,87,1,2,0.557894736842105,4660.96003502957
"1180",7,74,12,87,1,2,0.578947368421053,4473.74275916445
"1181",7,74,12,87,1,2,0.6,4226.50654154284
"1182",7,74,12,87,1,2,0.621052631578947,4061.09294598936
"1183",7,74,12,87,1,2,0.642105263157895,4027.4548687288
"1184",7,74,12,87,1,2,0.663157894736842,3872.95187198177
"1185",7,74,12,87,1,2,0.684210526315789,3984.19421435141
"1186",7,74,12,87,1,2,0.705263157894737,4033.56647765611
"1187",7,74,12,87,1,2,0.726315789473684,4286.63530429874
"1188",7,74,12,87,1,2,0.747368421052632,5011.62281651925
"1189",7,74,12,87,1,2,0.768421052631579,4861.84943347258
"1190",7,74,12,87,1,2,0.789473684210526,5015.97209114839
"1191",7,74,12,87,1,2,0.810526315789474,5185.62707313214
"1192",7,74,12,87,1,2,0.831578947368421,4575.72074035217
"1193",7,74,12,87,1,2,0.852631578947368,3930.09676347371
"1194",7,74,12,87,1,2,0.873684210526316,3497.04771464761
"1195",7,74,12,87,1,2,0.894736842105263,3505.81026011047
"1196",7,74,12,87,1,2,0.91578947368421,3135.68003254591
"1197",7,74,12,87,1,2,0.936842105263158,3072.6020073775
"1198",7,74,12,87,1,2,0.957894736842105,3187.36384233738
"1199",7,74,12,87,1,2,0.978947368421053,3106.97213570493
"1200",7,74,12,87,1,2,1,3041.74133310869
"1201",7,74,12,87,2,2,0.0105263157894737,2725.79865674113
"1202",7,74,12,87,2,2,0.0315789473684211,2688.21995527176
"1203",7,74,12,87,2,2,0.0526315789473684,2867.42255393596
"1204",7,74,12,87,2,2,0.0736842105263158,3315.90599360172
"1205",7,74,12,87,2,2,0.0947368421052632,3555.32781729548
"1206",7,74,12,87,2,2,0.115789473684211,3667.32963313759
"1207",7,74,12,87,2,2,0.136842105263158,3619.65033707808
"1208",7,74,12,87,2,2,0.157894736842105,4068.28532927026
"1209",7,74,12,87,2,2,0.178947368421053,4040.99499631531
"1210",7,74,12,87,2,2,0.2,4014.86856841199
"1211",7,74,12,87,2,2,0.221052631578947,4310.16571976206
"1212",7,74,12,87,2,2,0.242105263157895,4422.96713796659
"1213",7,74,12,87,2,2,0.263157894736842,4161.07192961824
"1214",7,74,12,87,2,2,0.284210526315789,4327.56892246967
"1215",7,74,12,87,2,2,0.305263157894737,4725.71386072247
"1216",7,74,12,87,2,2,0.326315789473684,4970.13606442798
"1217",7,74,12,87,2,2,0.347368421052632,5327.52963057448
"1218",7,74,12,87,2,2,0.368421052631579,5146.40460877397
"1219",7,74,12,87,2,2,0.389473684210526,5088.75276833222
"1220",7,74,12,87,2,2,0.410526315789474,4950.25941293594
"1221",7,74,12,87,2,2,0.431578947368421,5119.57559435998
"1222",7,74,12,87,2,2,0.452631578947368,4824.33531960047
"1223",7,74,12,87,2,2,0.473684210526316,4803.67147404398
"1224",7,74,12,87,2,2,0.494736842105263,4704.4124044905
"1225",7,74,12,87,2,2,0.51578947368421,4600.4553764297
"1226",7,74,12,87,2,2,0.536842105263158,4416.20166054258
"1227",7,74,12,87,2,2,0.557894736842105,3978.2492505007
"1228",7,74,12,87,2,2,0.578947368421053,4177.82330189177
"1229",7,74,12,87,2,2,0.6,4253.31870039184
"1230",7,74,12,87,2,2,0.621052631578947,4096.77804539162
"1231",7,74,12,87,2,2,0.642105263157895,3845.32003456554
"1232",7,74,12,87,2,2,0.663157894736842,3928.34198170267
"1233",7,74,12,87,2,2,0.684210526315789,3907.07735283014
"1234",7,74,12,87,2,2,0.705263157894737,4204.14326336419
"1235",7,74,12,87,2,2,0.726315789473684,4339.51878658119
"1236",7,74,12,87,2,2,0.747368421052632,4323.25618936499
"1237",7,74,12,87,2,2,0.768421052631579,4708.99620178736
"1238",7,74,12,87,2,2,0.789473684210526,5013.72389896094
"1239",7,74,12,87,2,2,0.810526315789474,4861.44223909602
"1240",7,74,12,87,2,2,0.831578947368421,4682.89872619969
"1241",7,74,12,87,2,2,0.852631578947368,4147.14973373091
"1242",7,74,12,87,2,2,0.873684210526316,3419.50968191477
"1243",7,74,12,87,2,2,0.894736842105263,3032.43808691179
"1244",7,74,12,87,2,2,0.91578947368421,2932.21606088808
"1245",7,74,12,87,2,2,0.936842105263158,2806.56547144573
"1246",7,74,12,87,2,2,0.957894736842105,2831.74235918645
"1247",7,74,12,87,2,2,0.978947368421053,2764.0507116855
"1248",7,74,12,87,2,2,1,2612.61048404565
"1249",7,74,12,87,3,2,0.0105263157894737,2871.98607466736
"1250",7,74,12,87,3,2,0.0315789473684211,2701.19584091602
"1251",7,74,12,87,3,2,0.0526315789473684,2869.52097934172
"1252",7,74,12,87,3,2,0.0736842105263158,2867.27781960172
"1253",7,74,12,87,3,2,0.0947368421052632,3102.59404586959
"1254",7,74,12,87,3,2,0.115789473684211,3501.9106193409
"1255",7,74,12,87,3,2,0.136842105263158,3484.76519235369
"1256",7,74,12,87,3,2,0.157894736842105,3896.87514874258
"1257",7,74,12,87,3,2,0.178947368421053,4173.85108158839
"1258",7,74,12,87,3,2,0.2,4361.97377247619
"1259",7,74,12,87,3,2,0.221052631578947,4619.62784521358
"1260",7,74,12,87,3,2,0.242105263157895,4879.52716194503
"1261",7,74,12,87,3,2,0.263157894736842,5204.40263957466
"1262",7,74,12,87,3,2,0.284210526315789,5043.4364498621
"1263",7,74,12,87,3,2,0.305263157894737,5184.98169880856
"1264",7,74,12,87,3,2,0.326315789473684,4995.47924691597
"1265",7,74,12,87,3,2,0.347368421052632,5046.16291389909
"1266",7,74,12,87,3,2,0.368421052631579,5076.73493320417
"1267",7,74,12,87,3,2,0.389473684210526,5101.49391115104
"1268",7,74,12,87,3,2,0.410526315789474,4866.99841450961
"1269",7,74,12,87,3,2,0.431578947368421,4680.06219261844
"1270",7,74,12,87,3,2,0.452631578947368,4541.34073866541
"1271",7,74,12,87,3,2,0.473684210526316,4541.10705573801
"1272",7,74,12,87,3,2,0.494736842105263,4729.2640831428
"1273",7,74,12,87,3,2,0.51578947368421,4293.73068941177
"1274",7,74,12,87,3,2,0.536842105263158,4480.89685077612
"1275",7,74,12,87,3,2,0.557894736842105,4205.30874028742
"1276",7,74,12,87,3,2,0.578947368421053,4366.16159925488
"1277",7,74,12,87,3,2,0.6,4058.72283405157
"1278",7,74,12,87,3,2,0.621052631578947,4168.9452541888
"1279",7,74,12,87,3,2,0.642105263157895,3733.44413162318
"1280",7,74,12,87,3,2,0.663157894736842,3406.49504507582
"1281",7,74,12,87,3,2,0.684210526315789,3524.91300238921
"1282",7,74,12,87,3,2,0.705263157894737,3973.03110413462
"1283",7,74,12,87,3,2,0.726315789473684,4563.63112973868
"1284",7,74,12,87,3,2,0.747368421052632,4649.0001101451
"1285",7,74,12,87,3,2,0.768421052631579,4631.13888808257
"1286",7,74,12,87,3,2,0.789473684210526,4560.86230373276
"1287",7,74,12,87,3,2,0.810526315789474,4687.12377707216
"1288",7,74,12,87,3,2,0.831578947368421,4862.18328885677
"1289",7,74,12,87,3,2,0.852631578947368,4714.27301365034
"1290",7,74,12,87,3,2,0.873684210526316,4290.39436795668
"1291",7,74,12,87,3,2,0.894736842105263,3956.07810187811
"1292",7,74,12,87,3,2,0.91578947368421,3593.04243551863
"1293",7,74,12,87,3,2,0.936842105263158,3422.23162106692
"1294",7,74,12,87,3,2,0.957894736842105,3424.74812878942
"1295",7,74,12,87,3,2,0.978947368421053,3003.73716552124
"1296",7,74,12,87,3,2,1,2636.9284840381
"1297",7,74,12,87,4,2,0.0105263157894737,2998.0332673292
"1298",7,74,12,87,4,2,0.0315789473684211,2917.30560974606
"1299",7,74,12,87,4,2,0.0526315789473684,2847.5576171245
"1300",7,74,12,87,4,2,0.0736842105263158,2995.96688032102
"1301",7,74,12,87,4,2,0.0947368421052632,3009.57533783988
"1302",7,74,12,87,4,2,0.115789473684211,2845.29932825095
"1303",7,74,12,87,4,2,0.136842105263158,3000.07546795384
"1304",7,74,12,87,4,2,0.157894736842105,3252.99802308101
"1305",7,74,12,87,4,2,0.178947368421053,3056.40209807779
"1306",7,74,12,87,4,2,0.2,3450.49898747817
"1307",7,74,12,87,4,2,0.221052631578947,3748.13272993592
"1308",7,74,12,87,4,2,0.242105263157895,4004.45449686371
"1309",7,74,12,87,4,2,0.263157894736842,4262.66466106367
"1310",7,74,12,87,4,2,0.284210526315789,4599.34166981602
"1311",7,74,12,87,4,2,0.305263157894737,4611.45782470418
"1312",7,74,12,87,4,2,0.326315789473684,5182.95401488504
"1313",7,74,12,87,4,2,0.347368421052632,5146.55428951596
"1314",7,74,12,87,4,2,0.368421052631579,5261.06295750268
"1315",7,74,12,87,4,2,0.389473684210526,4616.55103126902
"1316",7,74,12,87,4,2,0.410526315789474,4790.39427757129
"1317",7,74,12,87,4,2,0.431578947368421,4932.42827045349
"1318",7,74,12,87,4,2,0.452631578947368,4836.88307595843
"1319",7,74,12,87,4,2,0.473684210526316,4826.09976412449
"1320",7,74,12,87,4,2,0.494736842105263,4818.0203441065
"1321",7,74,12,87,4,2,0.51578947368421,5212.59699856695
"1322",7,74,12,87,4,2,0.536842105263158,4682.48138798278
"1323",7,74,12,87,4,2,0.557894736842105,4171.10690759845
"1324",7,74,12,87,4,2,0.578947368421053,4389.84699608825
"1325",7,74,12,87,4,2,0.6,4210.6558534735
"1326",7,74,12,87,4,2,0.621052631578947,4261.08089642796
"1327",7,74,12,87,4,2,0.642105263157895,4275.38394021708
"1328",7,74,12,87,4,2,0.663157894736842,4100.75910031576
"1329",7,74,12,87,4,2,0.684210526315789,4213.18326933996
"1330",7,74,12,87,4,2,0.705263157894737,3996.59539295844
"1331",7,74,12,87,4,2,0.726315789473684,3924.02796346908
"1332",7,74,12,87,4,2,0.747368421052632,4455.49179504046
"1333",7,74,12,87,4,2,0.768421052631579,4245.44927241391
"1334",7,74,12,87,4,2,0.789473684210526,4519.52687886748
"1335",7,74,12,87,4,2,0.810526315789474,4628.92368844835
"1336",7,74,12,87,4,2,0.831578947368421,4229.88822176126
"1337",7,74,12,87,4,2,0.852631578947368,3658.00389155267
"1338",7,74,12,87,4,2,0.873684210526316,3475.29078230343
"1339",7,74,12,87,4,2,0.894736842105263,3304.71993995845
"1340",7,74,12,87,4,2,0.91578947368421,2957.81390750688
"1341",7,74,12,87,4,2,0.936842105263158,2849.82354510882
"1342",7,74,12,87,4,2,0.957894736842105,2866.1955597639
"1343",7,74,12,87,4,2,0.978947368421053,2844.65430805664
"1344",7,74,12,87,4,2,1,2732.05693083317
"1345",8,94,28,21,1,2,0.0105263157894737,2115.27385215768
"1346",8,94,28,21,1,2,0.0315789473684211,2088.06777402351
"1347",8,94,28,21,1,2,0.0526315789473684,2136.30639418339
"1348",8,94,28,21,1,2,0.0736842105263158,2154.62843119763
"1349",8,94,28,21,1,2,0.0947368421052632,2528.90014508539
"1350",8,94,28,21,1,2,0.115789473684211,2725.57504577766
"1351",8,94,28,21,1,2,0.136842105263158,2639.40390177609
"1352",8,94,28,21,1,2,0.157894736842105,2684.99811784587
"1353",8,94,28,21,1,2,0.178947368421053,2978.66648837052
"1354",8,94,28,21,1,2,0.2,2731.33941213747
"1355",8,94,28,21,1,2,0.221052631578947,2842.97112528968
"1356",8,94,28,21,1,2,0.242105263157895,2910.78000986581
"1357",8,94,28,21,1,2,0.263157894736842,2852.57017889228
"1358",8,94,28,21,1,2,0.284210526315789,3226.58545576172
"1359",8,94,28,21,1,2,0.305263157894737,3205.498398149
"1360",8,94,28,21,1,2,0.326315789473684,3233.36526821697
"1361",8,94,28,21,1,2,0.347368421052632,3412.96552481597
"1362",8,94,28,21,1,2,0.368421052631579,3713.53737476166
"1363",8,94,28,21,1,2,0.389473684210526,3649.07964549843
"1364",8,94,28,21,1,2,0.410526315789474,3672.80729902231
"1365",8,94,28,21,1,2,0.431578947368421,3722.37852594162
"1366",8,94,28,21,1,2,0.452631578947368,3638.97480345131
"1367",8,94,28,21,1,2,0.473684210526316,4005.54787927192
"1368",8,94,28,21,1,2,0.494736842105263,3908.93329602278
"1369",8,94,28,21,1,2,0.51578947368421,4044.04879391563
"1370",8,94,28,21,1,2,0.536842105263158,4053.76995085937
"1371",8,94,28,21,1,2,0.557894736842105,3832.10346328348
"1372",8,94,28,21,1,2,0.578947368421053,3858.32753973277
"1373",8,94,28,21,1,2,0.6,3620.13025184611
"1374",8,94,28,21,1,2,0.621052631578947,2984.81714574791
"1375",8,94,28,21,1,2,0.642105263157895,3033.55328555229
"1376",8,94,28,21,1,2,0.663157894736842,3015.54596778961
"1377",8,94,28,21,1,2,0.684210526315789,3195.91634611186
"1378",8,94,28,21,1,2,0.705263157894737,3392.01365531935
"1379",8,94,28,21,1,2,0.726315789473684,3868.43356170332
"1380",8,94,28,21,1,2,0.747368421052632,3878.9402590821
"1381",8,94,28,21,1,2,0.768421052631579,4150.31936081523
"1382",8,94,28,21,1,2,0.789473684210526,4074.90543517957
"1383",8,94,28,21,1,2,0.810526315789474,4005.2778315991
"1384",8,94,28,21,1,2,0.831578947368421,3836.59729439682
"1385",8,94,28,21,1,2,0.852631578947368,3368.84551495887
"1386",8,94,28,21,1,2,0.873684210526316,3176.61658106437
"1387",8,94,28,21,1,2,0.894736842105263,2938.77399768225
"1388",8,94,28,21,1,2,0.91578947368421,2803.36346583227
"1389",8,94,28,21,1,2,0.936842105263158,2926.18127113098
"1390",8,94,28,21,1,2,0.957894736842105,2703.50900025082
"1391",8,94,28,21,1,2,0.978947368421053,2361.46126359768
"1392",8,94,28,21,1,2,1,2293.77333935946
"1393",8,94,28,21,2,2,0.0105263157894737,2379.26923017694
"1394",8,94,28,21,2,2,0.0315789473684211,2171.42994889505
"1395",8,94,28,21,2,2,0.0526315789473684,2167.60679440863
"1396",8,94,28,21,2,2,0.0736842105263158,2052.80330594569
"1397",8,94,28,21,2,2,0.0947368421052632,2098.43064046548
"1398",8,94,28,21,2,2,0.115789473684211,2112.36514057841
"1399",8,94,28,21,2,2,0.136842105263158,2018.61830514651
"1400",8,94,28,21,2,2,0.157894736842105,2196.85453430319
"1401",8,94,28,21,2,2,0.178947368421053,2315.47526527959
"1402",8,94,28,21,2,2,0.2,2456.18390459221
"1403",8,94,28,21,2,2,0.221052631578947,2529.83623438217
"1404",8,94,28,21,2,2,0.242105263157895,2618.77177949027
"1405",8,94,28,21,2,2,0.263157894736842,2813.04137734495
"1406",8,94,28,21,2,2,0.284210526315789,3126.16579119416
"1407",8,94,28,21,2,2,0.305263157894737,2953.41553541063
"1408",8,94,28,21,2,2,0.326315789473684,3128.32988383032
"1409",8,94,28,21,2,2,0.347368421052632,3618.17139736828
"1410",8,94,28,21,2,2,0.368421052631579,3777.5569082967
"1411",8,94,28,21,2,2,0.389473684210526,3682.88211962363
"1412",8,94,28,21,2,2,0.410526315789474,3770.90777286346
"1413",8,94,28,21,2,2,0.431578947368421,3807.05552632232
"1414",8,94,28,21,2,2,0.452631578947368,3899.16752058204
"1415",8,94,28,21,2,2,0.473684210526316,3744.39501717149
"1416",8,94,28,21,2,2,0.494736842105263,3817.09369202994
"1417",8,94,28,21,2,2,0.51578947368421,3730.66378544093
"1418",8,94,28,21,2,2,0.536842105263158,3503.97206085859
"1419",8,94,28,21,2,2,0.557894736842105,3160.69964278819
"1420",8,94,28,21,2,2,0.578947368421053,3423.7020641624
"1421",8,94,28,21,2,2,0.6,3449.19496756458
"1422",8,94,28,21,2,2,0.621052631578947,3663.67970352547
"1423",8,94,28,21,2,2,0.642105263157895,3815.90061794872
"1424",8,94,28,21,2,2,0.663157894736842,3515.28605390043
"1425",8,94,28,21,2,2,0.684210526315789,3684.13765356349
"1426",8,94,28,21,2,2,0.705263157894737,3785.11166282183
"1427",8,94,28,21,2,2,0.726315789473684,3900.46854386503
"1428",8,94,28,21,2,2,0.747368421052632,4339.16154874781
"1429",8,94,28,21,2,2,0.768421052631579,4290.76050845469
"1430",8,94,28,21,2,2,0.789473684210526,4229.35866770764
"1431",8,94,28,21,2,2,0.810526315789474,4108.51799807504
"1432",8,94,28,21,2,2,0.831578947368421,3844.44883133297
"1433",8,94,28,21,2,2,0.852631578947368,3356.27528077434
"1434",8,94,28,21,2,2,0.873684210526316,2916.02157871062
"1435",8,94,28,21,2,2,0.894736842105263,2528.9484992389
"1436",8,94,28,21,2,2,0.91578947368421,2294.9326177249
"1437",8,94,28,21,2,2,0.936842105263158,2228.28718834351
"1438",8,94,28,21,2,2,0.957894736842105,2162.01166949168
"1439",8,94,28,21,2,2,0.978947368421053,2243.01668310709
"1440",8,94,28,21,2,2,1,2092.66886780102
"1441",8,94,28,21,3,2,0.0105263157894737,2674.45367308225
"1442",8,94,28,21,3,2,0.0315789473684211,2555.14426789696
"1443",8,94,28,21,3,2,0.0526315789473684,2709.90250654882
"1444",8,94,28,21,3,2,0.0736842105263158,2706.32962425259
"1445",8,94,28,21,3,2,0.0947368421052632,2695.95621050948
"1446",8,94,28,21,3,2,0.115789473684211,2487.8317645063
"1447",8,94,28,21,3,2,0.136842105263158,2502.41069121566
"1448",8,94,28,21,3,2,0.157894736842105,2739.03928216189
"1449",8,94,28,21,3,2,0.178947368421053,2904.07193602464
"1450",8,94,28,21,3,2,0.2,2855.33698235298
"1451",8,94,28,21,3,2,0.221052631578947,3101.70334816195
"1452",8,94,28,21,3,2,0.242105263157895,3433.88354555019
"1453",8,94,28,21,3,2,0.263157894736842,3212.11182007279
"1454",8,94,28,21,3,2,0.284210526315789,3552.78057403188
"1455",8,94,28,21,3,2,0.305263157894737,3448.19784407992
"1456",8,94,28,21,3,2,0.326315789473684,3790.12672663239
"1457",8,94,28,21,3,2,0.347368421052632,3828.63185090341
"1458",8,94,28,21,3,2,0.368421052631579,3847.92277364799
"1459",8,94,28,21,3,2,0.389473684210526,4007.24118849839
"1460",8,94,28,21,3,2,0.410526315789474,3951.53946574496
"1461",8,94,28,21,3,2,0.431578947368421,3671.80465141679
"1462",8,94,28,21,3,2,0.452631578947368,3763.18693678973
"1463",8,94,28,21,3,2,0.473684210526316,3471.88572004585
"1464",8,94,28,21,3,2,0.494736842105263,3438.19998681625
"1465",8,94,28,21,3,2,0.51578947368421,3457.34025242366
"1466",8,94,28,21,3,2,0.536842105263158,3595.22443668449
"1467",8,94,28,21,3,2,0.557894736842105,3089.99573518063
"1468",8,94,28,21,3,2,0.578947368421053,3215.33793233101
"1469",8,94,28,21,3,2,0.6,3073.55537670373
"1470",8,94,28,21,3,2,0.621052631578947,3216.08289349901
"1471",8,94,28,21,3,2,0.642105263157895,3298.74440859636
"1472",8,94,28,21,3,2,0.663157894736842,3204.02826739494
"1473",8,94,28,21,3,2,0.684210526315789,3374.31677052041
"1474",8,94,28,21,3,2,0.705263157894737,3557.80317797276
"1475",8,94,28,21,3,2,0.726315789473684,3570.34295817205
"1476",8,94,28,21,3,2,0.747368421052632,3757.57098974696
"1477",8,94,28,21,3,2,0.768421052631579,4414.6725326148
"1478",8,94,28,21,3,2,0.789473684210526,4645.08510472877
"1479",8,94,28,21,3,2,0.810526315789474,4463.98069364778
"1480",8,94,28,21,3,2,0.831578947368421,4128.21403050609
"1481",8,94,28,21,3,2,0.852631578947368,3710.86163465412
"1482",8,94,28,21,3,2,0.873684210526316,3213.95801560127
"1483",8,94,28,21,3,2,0.894736842105263,2887.24134530674
"1484",8,94,28,21,3,2,0.91578947368421,2333.02002171334
"1485",8,94,28,21,3,2,0.936842105263158,2415.95649503433
"1486",8,94,28,21,3,2,0.957894736842105,2326.41159183444
"1487",8,94,28,21,3,2,0.978947368421053,2250.17588525693
"1488",8,94,28,21,3,2,1,2034.63891482564
"1489",8,94,28,21,4,2,0.0105263157894737,2337.38844932941
"1490",8,94,28,21,4,2,0.0315789473684211,2216.64340759186
"1491",8,94,28,21,4,2,0.0526315789473684,2270.97552299989
"1492",8,94,28,21,4,2,0.0736842105263158,2250.89715972491
"1493",8,94,28,21,4,2,0.0947368421052632,2315.53042228808
"1494",8,94,28,21,4,2,0.115789473684211,2347.07683739448
"1495",8,94,28,21,4,2,0.136842105263158,2249.94899811695
"1496",8,94,28,21,4,2,0.157894736842105,2473.09300996261
"1497",8,94,28,21,4,2,0.178947368421053,3006.22106411413
"1498",8,94,28,21,4,2,0.2,3162.10775274007
"1499",8,94,28,21,4,2,0.221052631578947,3270.24110896268
"1500",8,94,28,21,4,2,0.242105263157895,3150.99669491753
"1501",8,94,28,21,4,2,0.263157894736842,3345.04126219763
"1502",8,94,28,21,4,2,0.284210526315789,3601.06228469182
"1503",8,94,28,21,4,2,0.305263157894737,3574.73680570949
"1504",8,94,28,21,4,2,0.326315789473684,3569.85524462899
"1505",8,94,28,21,4,2,0.347368421052632,3940.80815064623
"1506",8,94,28,21,4,2,0.368421052631579,3944.53493653159
"1507",8,94,28,21,4,2,0.389473684210526,3782.4972525912
"1508",8,94,28,21,4,2,0.410526315789474,3822.22441541697
"1509",8,94,28,21,4,2,0.431578947368421,3589.72033501089
"1510",8,94,28,21,4,2,0.452631578947368,3521.81957549787
"1511",8,94,28,21,4,2,0.473684210526316,3643.13392921319
"1512",8,94,28,21,4,2,0.494736842105263,3810.86917880287
"1513",8,94,28,21,4,2,0.51578947368421,3637.30933571973
"1514",8,94,28,21,4,2,0.536842105263158,3436.98051556238
"1515",8,94,28,21,4,2,0.557894736842105,3557.69508407739
"1516",8,94,28,21,4,2,0.578947368421053,3454.60511385342
"1517",8,94,28,21,4,2,0.6,3419.0110424322
"1518",8,94,28,21,4,2,0.621052631578947,3236.6648147813
"1519",8,94,28,21,4,2,0.642105263157895,3247.95511048754
"1520",8,94,28,21,4,2,0.663157894736842,3390.19943500805
"1521",8,94,28,21,4,2,0.684210526315789,3233.37563309256
"1522",8,94,28,21,4,2,0.705263157894737,3328.12205491507
"1523",8,94,28,21,4,2,0.726315789473684,3606.49973889915
"1524",8,94,28,21,4,2,0.747368421052632,3624.7238267703
"1525",8,94,28,21,4,2,0.768421052631579,4139.44803474461
"1526",8,94,28,21,4,2,0.789473684210526,4079.52137016949
"1527",8,94,28,21,4,2,0.810526315789474,4115.07879135523
"1528",8,94,28,21,4,2,0.831578947368421,3728.9827473765
"1529",8,94,28,21,4,2,0.852631578947368,3550.71028370688
"1530",8,94,28,21,4,2,0.873684210526316,2784.84193553036
"1531",8,94,28,21,4,2,0.894736842105263,2575.25965867571
"1532",8,94,28,21,4,2,0.91578947368421,2630.15294370514
"1533",8,94,28,21,4,2,0.936842105263158,2460.24139410088
"1534",8,94,28,21,4,2,0.957894736842105,2446.05456853483
"1535",8,94,28,21,4,2,0.978947368421053,2738.1800070875
"1536",8,94,28,21,4,2,1,2650.20298614937
